ID	EffectAllele	Beta
10:114762237:G:A	A	0.1429
16:53800954:T:C	T	-0.1227
6:20675792:C:A	A	0.1211
10:114760284:C:T	T	0.2027
9:22134094:T:C	T	0.1314
3:185516807:T:G	T	-0.1033
10:114745788:G:A	A	-0.1214
10:94463779:G:T	T	-0.0904
8:118184783:C:T	T	-0.0918
10:114793572:T:C	T	-0.2444
2:227116365:A:G	A	-0.0855
9:22137685:T:G	T	-0.0893
11:2858546:C:T	T	-0.189
7:28198677:C:T	T	-0.0746
10:94208397:C:T	T	-0.077
4:6287965:G:A	A	0.0736
11:2857194:A:C	A	-0.0723
10:114861304:A:G	A	0.0753
11:17408630:C:T	T	-0.0671
10:114824473:G:A	A	-0.0748
2:43586287:T:G	T	0.1153
11:92679433:G:T	T	0.0703
10:12307894:C:T	T	0.0787
10:114787948:G:A	A	0.232
3:123065778:A:G	A	0.0767
10:114830306:G:A	A	-0.0677
2:165528876:C:T	T	-0.0641
3:12329783:C:T	T	-0.0938
16:75234872:C:A	A	-0.1188
13:80708732:C:T	T	-0.0692
8:41519462:A:G	A	-0.0728
11:72460694:T:C	T	0.0826
1:214159256:T:C	T	-0.0626
10:80947438:T:C	T	0.0595
7:15062983:T:C	T	-0.0592
9:139241828:T:C	T	-0.0701
11:2197286:A:G	A	0.0607
17:36100767:A:G	A	0.06
2:27730940:T:C	T	-0.0588
2:43842712:G:A	A	-0.1164
1:40035928:G:T	T	0.0715
10:114597109:G:A	A	-0.06
15:77711719:G:A	A	0.061
10:114818481:G:A	A	-0.1096
5:55808342:C:T	T	0.0625
19:46157019:A:G	A	0.0554
12:4403876:C:T	T	-0.1024
1:39639653:C:T	T	0.066
12:27965150:C:T	T	-0.0687
12:121455589:G:A	A	-0.059
10:114916586:G:T	T	0.0564
5:76427311:G:A	A	-0.0584
2:60585806:T:C	T	-0.0529
9:84308948:G:A	A	-0.0531
12:121416864:C:T	T	0.1478
7:44255643:G:A	A	0.0596
7:156963524:A:G	A	0.0536
5:102338811:A:G	A	-0.115
12:66213258:C:T	T	0.0859
15:90407119:C:T	T	-0.0569
3:187740899:T:C	T	-0.0513
2:226866226:C:T	T	-0.0624
5:102658770:C:T	T	0.1156
17:4040774:C:T	T	0.0532
3:23455582:T:C	T	0.0601
10:114882530:A:G	A	-0.0624
11:72721271:C:A	A	-0.0642
11:2691500:G:A	A	0.0565
19:45411941:T:C	T	0.0694
3:170733076:G:A	A	-0.0535
6:126792095:A:G	A	-0.0573
12:4399050:A:G	A	-0.0553
6:20728513:C:T	T	-0.0482
5:55861464:C:T	T	0.0616
10:114648499:C:A	A	0.0745
7:14898282:C:T	T	0.0613
12:121197124:C:T	T	-0.0594
6:127068983:T:C	T	0.0528
10:114736670:T:G	T	0.1733
15:77384002:T:C	T	-0.054
9:136149229:T:C	T	-0.0484
7:130433384:C:T	T	-0.0458
6:7245458:A:G	A	-0.0481
6:7231843:G:A	A	-0.0738
12:4406576:T:C	T	0.0792
5:102072479:T:C	T	-0.1057
3:186665645:C:T	T	0.0456
12:66371880:G:T	T	0.0454
6:20528058:A:G	A	0.0498
9:4291928:A:C	A	-0.0467
2:65279805:T:C	T	0.046
6:20831911:T:C	T	-0.0952
10:114609652:C:T	T	0.0969
12:4406281:A:G	A	-0.0472
17:47091420:C:T	T	-0.0471
4:1784403:C:T	T	-0.0447
1:117532790:C:T	T	-0.0443
4:185713608:G:A	A	-0.0634
5:101714634:G:A	A	0.1029
16:53792464:T:C	T	-0.0945
1:229672955:G:A	A	-0.0466
1:120526982:C:T	T	0.0689
4:45182527:A:G	A	-0.0433
18:57838401:G:A	A	0.0511
16:69651866:C:T	T	-0.0434
3:12396588:G:A	A	-0.0434
9:22133773:G:A	A	0.1287
6:20955332:T:C	T	0.0469
20:42994812:T:C	T	-0.0661
6:7275468:C:T	T	-0.0429
1:219744138:C:A	A	-0.0482
13:26776999:A:G	A	0.0498
19:19419071:G:A	A	0.0796
2:65661468:A:C	A	0.0426
15:91519660:A:C	A	-0.0479
14:79944099:G:A	A	0.0498
10:114668724:C:T	T	0.1418
10:94138239:A:G	A	-0.0413
9:28410683:T:C	T	-0.0435
15:62391608:C:T	T	-0.0406
16:300388:T:C	T	0.0518
6:127414838:A:G	A	0.0471
3:12120453:A:G	A	0.0577
10:93886954:C:T	T	0.0405
12:133069134:G:A	A	0.0426
19:7968168:G:A	A	0.0409
3:12076562:A:G	A	0.0798
4:153520475:C:T	T	-0.044
13:33554302:G:A	A	-0.0537
8:95960947:A:G	A	0.0393
12:71526677:A:G	A	0.0399
19:19702384:G:A	A	0.0775
12:4374373:A:G	A	-0.0471
16:69928846:T:C	T	-0.0392
3:185490184:A:G	A	0.0613
7:44200884:T:C	T	-0.0387
9:22052734:T:C	T	-0.0394
16:53769293:G:A	A	0.0395
10:71321279:A:G	A	-0.0412
3:64701387:G:A	A	-0.0421
10:114671172:C:T	T	-0.0515
6:20764513:T:C	T	-0.069
6:43757896:C:A	A	0.0386
2:59305625:T:C	T	0.0432
6:20585473:T:C	T	-0.0436
3:23193007:G:A	A	-0.0676
5:53300827:C:A	A	0.0462
12:26472562:A:G	A	0.0433
10:114815466:T:G	T	0.0833
13:51094114:T:G	T	0.0421
16:53877592:T:C	T	0.0437
18:53050646:A:C	A	-0.0684
7:102413873:A:G	A	0.0485
8:9183664:A:G	A	0.0644
12:4376091:G:A	A	-0.0507
8:145545949:T:C	T	-0.0402
19:13038415:G:A	A	0.0386
2:165566877:A:G	A	0.038
16:53834684:A:C	A	0.0529
5:75003678:T:C	T	0.038
8:41500861:C:T	T	0.0386
8:116641960:G:T	T	-0.0384
6:137291281:A:C	A	0.0373
6:31139452:T:C	T	-0.0384
16:81534790:T:C	T	0.0399
17:65940727:A:G	A	0.0449
11:32927778:G:T	T	-0.0945
7:1888051:G:A	A	-0.0448
3:23240658:C:T	T	0.0391
11:69448758:T:C	T	0.1213
5:158001136:G:A	A	0.0435
8:118203434:A:G	A	-0.0446
2:121317747:A:G	A	0.0511
7:150537635:G:A	A	0.0387
6:32581922:C:T	T	0.0398
5:14789906:G:A	A	-0.0365
22:30237706:G:A	A	-0.0647
3:185261528:C:T	T	0.0562
20:45598564:G:A	A	-0.0409
6:50788778:A:C	A	-0.0458
19:46178661:T:C	T	-0.0365
16:53843533:T:C	T	0.0665
12:108618630:C:T	T	-0.0406
11:65326154:G:A	A	0.0468
20:32674967:C:T	T	0.0384
22:30549764:T:C	T	0.0639
15:38873115:T:C	T	-0.0558
5:14753745:A:G	A	-0.1002
6:32131510:T:C	T	-0.0528
20:43042364:C:T	T	0.0984
14:38818723:G:A	A	-0.0403
1:214255583:G:A	A	0.0764
1:51223263:T:C	T	0.0633
4:157704459:A:G	A	0.0385
12:4301301:C:T	T	0.074
17:36047417:A:G	A	-0.0428
2:632609:A:G	A	-0.0477
15:77436995:T:G	T	-0.0422
6:7204736:G:A	A	-0.0355
1:51493428:A:G	A	0.0623
11:2908754:A:G	A	-0.0366
11:8694830:G:A	A	-0.0388
2:43656924:T:C	T	0.0347
3:63928681:C:A	A	-0.0464
6:20457100:A:C	A	-0.0877
6:31590354:G:A	A	0.0478
18:57962981:A:G	A	-0.037
6:43814190:C:T	T	-0.0374
4:103942165:C:T	T	-0.036
1:50966976:G:A	A	-0.0608
16:53454855:G:T	T	-0.0645
3:152451616:G:A	A	-0.0849
8:9996389:A:G	A	0.035
17:40706273:C:A	A	0.038
11:128235252:C:A	A	-0.0374
10:114865489:C:T	T	-0.0395
10:94456360:A:G	A	0.0867
10:124193181:T:G	T	0.0338
9:34074476:T:C	T	-0.0351
6:127409882:C:T	T	0.037
4:103680984:A:G	A	0.0351
18:60845884:T:C	T	0.0349
8:41435225:C:T	T	0.0369
9:81905590:A:G	A	0.0675
11:2835757:C:T	T	-0.0706
3:185530595:C:T	T	0.091
6:32588877:A:G	A	-0.0472
12:124409502:G:A	A	-0.0355
3:185509841:C:T	T	0.1087
4:153265507:T:C	T	-0.0359
15:63922474:T:C	T	0.0333
22:44324730:C:T	T	0.0394
17:3828822:C:T	T	0.0531
19:18806668:T:C	T	0.0337
17:3836529:C:T	T	-0.0478
12:66241898:G:A	A	0.0639
11:93016858:T:G	T	0.0359
11:17131249:T:C	T	-0.0328
2:165822401:G:A	A	0.0355
5:78430607:C:A	A	-0.0343
11:2784940:A:C	A	0.1809
6:40409243:T:C	T	0.0342
7:30728452:C:T	T	-0.0397
20:48833957:C:T	T	-0.0328
10:71464178:C:T	T	0.036
12:123491572:G:A	A	0.0375
10:94233120:G:A	A	-0.0495
12:50263148:G:A	A	0.0332
6:20760436:C:T	T	0.0811
1:118143948:A:G	A	0.0349
12:124510391:C:T	T	-0.038
1:6719008:G:A	A	0.034
11:47913097:C:T	T	0.0327
6:39016636:C:T	T	-0.0333
8:118184127:A:G	A	0.043
5:74692776:A:G	A	0.0353
17:4067552:C:T	T	0.0874
16:53664934:C:T	T	0.0527
10:94494735:T:C	T	0.066
10:94493739:T:C	T	0.0521
8:128711742:G:A	A	-0.0614
14:101255172:A:G	A	0.0427
1:214223408:T:C	T	0.0796
13:91941936:T:C	T	0.037
8:10761585:G:A	A	-0.0331
8:19848080:G:A	A	-0.0502
11:2181338:G:A	A	0.0694
17:36030408:A:C	A	0.0414
11:32603449:C:A	A	-0.0725
20:57418071:T:C	T	-0.0334
1:205045087:G:A	A	0.0329
14:33292743:A:C	A	0.032
11:128040810:A:G	A	0.0443
12:27905210:G:A	A	-0.0345
3:141153545:A:C	A	0.0782
12:121151577:G:T	T	0.1063
4:744972:G:T	T	0.0787
2:226850880:C:T	T	0.0467
10:93695310:C:T	T	0.0423
12:121297815:G:A	A	0.0599
6:143057067:G:A	A	-0.0325
11:128383687:C:T	T	0.0386
16:3583173:C:T	T	0.038
10:94274809:A:G	A	-0.0499
18:21143183:C:T	T	-0.0315
11:47891583:T:C	T	-0.0716
15:75864335:G:A	A	-0.0365
18:56876228:G:A	A	-0.0413
6:153428611:A:G	A	-0.0317
7:28234599:A:G	A	0.0429
6:31845985:T:C	T	-0.0457
4:185725416:A:G	A	0.0322
3:12496461:G:A	A	0.0316
20:51010294:A:G	A	0.0327
4:6258152:C:A	A	0.0319
2:422144:T:C	T	0.0792
3:23458332:C:T	T	0.087
3:186622850:T:G	T	0.0491
12:118412373:G:A	A	0.0449
3:124921457:C:T	T	0.0312
2:227151291:T:C	T	-0.0445
12:4111624:T:C	T	0.1692
10:114871594:A:G	A	0.0344
2:43688496:C:T	T	-0.031
10:71317835:G:A	A	0.0651
6:21131663:T:C	T	-0.071
12:121067686:C:T	T	0.034
6:20931090:C:T	T	0.0311
2:219699999:G:A	A	0.0726
11:2161858:A:G	A	0.0337
3:12475994:C:T	T	0.0507
2:227020494:A:C	A	0.0393
12:71430044:T:C	T	-0.0447
17:62199136:T:C	T	-0.0456
1:177894591:T:G	T	-0.0386
20:61281455:G:T	T	-0.032
8:36854711:T:G	T	-0.0404
12:27828938:A:G	A	0.0403
11:47639063:G:A	A	0.0693
9:96910815:G:A	A	0.0362
11:47655380:C:T	T	-0.0307
3:138057903:C:T	T	-0.0319
4:89733882:A:G	A	-0.0305
1:72835740:G:A	A	0.0401
7:102086552:C:T	T	0.0456
13:80765797:A:G	A	-0.0305
16:30033633:T:C	T	-0.0326
12:123742093:T:G	T	-0.0369
14:101531854:A:G	A	0.0318
15:52587740:G:T	T	-0.0806
11:47385350:C:T	T	0.0693
9:33819955:A:G	A	0.0311
3:135792010:C:A	A	0.0347
6:50968152:T:C	T	-0.0302
11:43875714:T:C	T	-0.0327
18:58055731:G:A	A	-0.1087
11:2756965:C:T	T	0.0407
3:195810187:T:C	T	0.0353
11:2663891:G:A	A	-0.0317
6:160776017:C:A	A	-0.03
12:97868906:T:C	T	0.049
2:58966760:C:T	T	0.0301
7:69747088:A:G	A	-0.0337
12:4031104:C:T	T	-0.0383
9:136884738:G:A	A	0.0342
17:76758251:A:G	A	0.0321
19:33889215:C:T	T	-0.0343
2:161144055:G:A	A	0.0334
5:133864599:G:A	A	0.0302
9:22140224:A:C	A	0.033
3:23529021:T:C	T	-0.0349
2:43588370:A:G	A	-0.0491
10:94466064:C:T	T	-0.0754
1:219749049:C:T	T	-0.0394
13:54107352:G:A	A	0.0439
15:77812028:A:G	A	-0.0686
2:111900560:T:C	T	0.0477
2:25569823:A:G	A	0.03
5:101677686:T:C	T	-0.032
17:29653293:T:C	T	0.0305
18:7076061:C:A	A	0.0311
20:32188142:C:T	T	0.0408
8:11073402:G:A	A	-0.0306
15:38844106:G:A	A	0.0335
2:16574669:G:A	A	0.0471
19:7241501:C:T	T	0.0373
1:62579891:G:T	T	-0.0519
3:185494295:G:A	A	0.0817
3:72865183:C:T	T	-0.0588
15:77910620:A:G	A	0.0304
11:45858584:G:A	A	-0.0293
12:121380541:G:A	A	-0.084
6:32814447:T:C	T	-0.0294
19:45354296:A:G	A	-0.0294
9:107734714:A:G	A	-0.03
15:53091553:C:T	T	0.0443
11:2579163:A:G	A	0.0666
1:201788804:G:A	A	-0.033
6:20553878:G:A	A	0.1137
3:77671721:C:A	A	-0.0299
15:68023809:T:C	T	-0.0298
3:185481068:C:T	T	0.0363
3:136073163:C:T	T	0.0334
12:26259919:G:A	A	0.03
19:1224286:G:T	T	0.0363
11:65577516:G:T	T	0.037
10:114567410:C:T	T	-0.0759
6:31249611:G:A	A	0.0506
8:8911004:A:G	A	0.0297
17:46840541:T:G	T	0.0333
12:124594370:G:A	A	0.029
9:125677593:C:T	T	0.0407
13:23309382:C:T	T	-0.0352
20:45550489:T:G	T	-0.0291
11:14802518:T:C	T	-0.088
6:31326289:G:A	A	0.0294
20:39938122:T:C	T	-0.0291
10:114784535:C:A	A	-0.0853
3:23528326:C:T	T	-0.0331
6:31284579:C:T	T	0.061
14:90055468:G:T	T	-0.0297
3:9505238:C:T	T	0.0414
11:65473798:C:A	A	0.0317
20:62370349:T:C	T	-0.0313
10:114725079:G:A	A	-0.0674
6:32684760:C:T	T	0.0423
11:48311627:G:T	T	0.063
10:114593006:G:A	A	-0.0312
20:43256437:G:A	A	-0.063
9:19068051:A:G	A	-0.0294
7:23563268:C:T	T	-0.0481
10:113048321:C:T	T	-0.0416
8:145976021:T:C	T	0.0288
8:10511419:C:T	T	-0.0295
10:94159975:A:G	A	0.0286
10:81000520:A:C	A	-0.0304
2:227180128:C:T	T	0.0457
10:70346740:T:C	T	0.0284
2:158390468:T:C	T	0.0577
16:53843848:G:A	A	0.0851
10:88111203:C:T	T	0.0283
12:4257553:C:T	T	-0.0924
5:14846467:A:G	A	0.0466
5:76425455:C:A	A	-0.0376
7:74134911:T:C	T	-0.0399
9:125996207:C:T	T	-0.0399
15:57220759:T:C	T	-0.0778
3:136404467:T:C	T	-0.0327
5:44680687:A:C	A	-0.0286
20:39665750:A:G	A	-0.0282
4:104212938:A:G	A	0.0296
13:58501075:A:G	A	0.037
12:12871099:T:G	T	-0.0344
5:50066939:A:C	A	-0.0317
3:49971514:C:A	A	0.0281
8:30852826:T:C	T	0.0308
11:49477266:T:C	T	0.0551
17:36043653:T:C	T	-0.031
6:127270764:A:G	A	-0.0627
10:99091369:G:A	A	-0.0284
7:102553366:T:C	T	-0.081
2:181607676:A:C	A	-0.0299
3:185573172:C:A	A	0.039
4:3241845:C:T	T	0.0529
5:51791225:T:C	T	0.0278
17:17716531:A:G	A	0.0282
5:53275370:A:G	A	0.0596
15:57610146:G:T	T	0.0761
1:20731117:T:C	T	0.0283
20:32381337:A:G	A	-0.0289
15:36392562:A:G	A	-0.028
16:392373:C:T	T	-0.0335
9:97001682:A:C	A	0.0321
17:46178674:G:A	A	0.0335
8:118086646:A:G	A	-0.0405
19:7218018:C:T	T	0.0303
7:44365863:C:T	T	-0.0368
12:97855178:G:T	T	-0.0278
7:13892674:T:C	T	-0.0289
8:25464670:G:T	T	0.0323
9:21954653:C:T	T	-0.0831
5:101123995:G:A	A	0.0664
3:12375580:C:T	T	0.0807
20:42302201:C:T	T	0.0375
9:139505720:C:T	T	-0.031
5:67714246:A:G	A	-0.0279
11:117694392:A:G	A	-0.0278
18:53418850:A:G	A	-0.0341
6:127164572:T:C	T	0.0319
2:60710571:G:A	A	-0.028
6:118050841:C:T	T	-0.0378
1:214012156:C:T	T	-0.0422
11:30608133:G:A	A	0.0354
6:76304062:A:C	A	0.0312
2:227131493:T:C	T	0.0685
11:2073182:A:G	A	-0.0344
12:21839933:A:G	A	0.0306
22:50422348:G:A	A	-0.0279
6:32187605:A:G	A	-0.0274
12:41897860:T:C	T	-0.0272
3:156795525:A:G	A	-0.0283
8:41386465:G:T	T	-0.049
14:61180657:T:G	T	0.0298
11:2892237:G:A	A	0.0311
7:14943164:A:G	A	-0.032
6:107427166:G:A	A	-0.0292
20:31806588:T:C	T	0.0501
8:8304502:G:A	A	0.0281
1:33303114:C:T	T	-0.0377
8:12645660:T:C	T	-0.0277
10:102420598:T:G	T	-0.0279
11:1703564:C:T	T	0.0276
3:114855021:T:C	T	-0.0349
9:126179204:C:T	T	0.0335
17:61667008:C:T	T	-0.0566
7:150546256:G:A	A	-0.0336
3:185160176:A:G	A	-0.0355
3:123006453:A:G	A	-0.0279
11:118952173:A:G	A	-0.0276
6:164133001:C:T	T	-0.0414
3:135969755:T:C	T	-0.0321
18:74515017:G:T	T	0.028
17:9784528:A:G	A	-0.029
16:53788849:A:G	A	0.0594
16:75486648:A:G	A	0.0374
12:4288899:G:A	A	-0.0274
3:160171092:C:T	T	-0.0278
11:8440969:T:C	T	0.029
10:13574474:A:G	A	-0.0272
10:114738909:A:G	A	-0.0853
9:20742770:C:T	T	0.0271
6:140320908:C:T	T	-0.0338
4:17792869:A:C	A	-0.03
13:80591311:C:A	A	-0.0284
14:79681303:A:G	A	-0.034
5:87988934:T:C	T	-0.0386
4:85399336:T:C	T	-0.1395
2:58828431:T:C	T	-0.0387
20:43005015:A:G	A	-0.029
9:139371786:A:C	A	0.0273
3:131775953:C:T	T	0.0289
8:96128981:C:T	T	0.065
2:60555614:A:G	A	-0.0652
8:41509867:G:A	A	0.0741
20:43246549:C:A	A	0.0343
7:23464856:A:C	A	-0.0295
16:53828899:C:T	T	0.078
4:96106322:A:G	A	0.0288
12:121949277:C:T	T	-0.0279
12:48736303:C:A	A	-0.0269
15:41840238:A:G	A	0.0269
11:92807099:T:C	T	0.0273
9:23345347:A:G	A	-0.0273
8:8643938:C:T	T	0.0275
8:95739642:G:T	T	-0.0285
12:121602760:G:A	A	0.0313
12:121297481:G:A	A	-0.0589
6:7202278:T:C	T	0.0439
3:15867375:A:G	A	0.0286
16:15169020:T:C	T	-0.071
15:90409070:T:C	T	0.0291
17:36063685:G:A	A	-0.041
17:60720058:T:G	T	0.0281
3:183738460:A:C	A	0.0266
10:81023352:G:A	A	-0.0307
6:32309323:C:T	T	0.0272
15:56830658:C:A	A	0.0825
6:19706407:C:T	T	-0.0286
11:28483787:G:A	A	0.0276
11:92973356:C:T	T	0.0549
9:126452936:C:T	T	0.0288
3:129320530:A:G	A	0.0444
3:136255169:A:G	A	-0.031
10:121574535:G:A	A	0.0327
11:48573830:C:T	T	0.0546
12:108559457:C:T	T	-0.0301
2:43429058:G:T	T	0.0266
4:83578271:A:G	A	0.0277
11:68872843:C:T	T	-0.0398
12:95921998:T:C	T	-0.0533
18:1843583:G:A	A	0.0336
15:39647036:C:T	T	-0.0266
11:2156213:G:A	A	0.0272
14:91984538:C:T	T	0.0266
3:149194041:T:G	T	-0.0266
12:133704270:T:C	T	-0.0269
17:56757584:G:A	A	0.0475
7:15069576:A:G	A	-0.0626
2:228973660:A:G	A	-0.027
9:34367516:A:G	A	0.0271
1:214128013:A:G	A	-0.0513
5:53430644:A:G	A	0.0284
6:139835689:C:T	T	-0.0264
3:151998053:A:G	A	0.0266
7:15039352:G:A	A	0.0406
1:206595069:T:C	T	0.0273
19:12518299:G:A	A	0.0328
1:205181062:T:C	T	-0.0463
10:114735521:G:A	A	-0.0303
8:11450422:A:G	A	-0.0271
14:79876883:A:G	A	0.0271
11:2799679:T:C	T	0.0297
7:103030228:C:A	A	0.0444
11:69457293:C:T	T	0.0264
4:140892872:T:C	T	-0.028
8:41555077:C:T	T	0.0275
7:76697531:T:C	T	-0.0331
20:62461572:G:A	A	-0.0306
20:32069986:G:A	A	-0.053
11:49185414:G:A	A	0.053
20:51262076:G:A	A	-0.0311
16:53541478:C:T	T	-0.0267
2:166617657:A:G	A	0.0268
12:121497462:G:A	A	-0.0401
19:46334141:C:T	T	-0.0276
7:51017361:A:G	A	0.065
3:53130913:C:A	A	0.0261
7:28230401:A:C	A	-0.0417
7:22859093:G:A	A	-0.0269
18:54578482:C:T	T	-0.0274
12:4381981:C:T	T	-0.0652
3:184877626:A:G	A	-0.0389
8:25872634:A:G	A	-0.032
8:10249861:G:A	A	-0.0266
15:57413776:A:G	A	-0.0264
3:185826740:T:G	T	-0.0339
6:7058274:T:C	T	-0.038
6:20658587:T:C	T	0.0573
11:92713376:G:A	A	0.0823
11:50426745:G:A	A	0.0518
5:55864102:T:C	T	-0.0284
13:109940689:T:G	T	0.0258
15:42137773:G:A	A	0.0267
2:65587272:A:G	A	0.0832
11:50001972:T:C	T	-0.051
7:89770968:G:A	A	0.0258
12:121556854:A:C	A	0.0402
18:53292430:G:A	A	-0.0325
16:28919341:A:G	A	0.0269
1:151000183:G:A	A	0.0409
10:94220051:T:G	T	-0.0539
17:4308647:A:C	A	-0.0347
4:76535086:A:G	A	-0.0285
15:67262738:A:G	A	0.0362
19:47569003:G:A	A	0.0275
7:69461821:A:G	A	-0.0272
20:62612574:C:T	T	-0.0602
12:6681786:A:G	A	-0.036
17:3844345:G:A	A	0.0765
7:44266077:G:A	A	-0.0265
1:150515744:T:C	T	-0.0309
11:2672237:G:A	A	0.0433
13:80645572:T:C	T	-0.0294
8:41603413:G:T	T	0.0412
11:61565908:T:C	T	0.0266
6:50812906:G:A	A	0.0294
9:117098650:C:T	T	-0.0431
4:106078097:A:G	A	-0.0374
5:56261335:G:A	A	0.0548
9:133787225:A:G	A	-0.026
3:183996213:C:T	T	-0.0299
2:208870017:A:G	A	0.027
13:46521667:C:T	T	0.0278
11:27686196:G:T	T	-0.0271
9:22228945:T:G	T	0.0717
9:97762311:A:G	A	0.1293
2:227225798:C:T	T	-0.0372
9:22057530:A:C	A	-0.0476
2:227019416:G:T	T	-0.062
2:161536620:T:C	T	0.0307
19:4947056:C:T	T	0.0337
4:85337337:G:A	A	-0.1435
7:156801700:G:T	T	-0.0882
1:40157643:C:T	T	0.0503
5:14771845:C:T	T	0.0294
5:159213262:A:G	A	-0.0514
8:121872464:A:C	A	0.0269
2:146348037:G:A	A	-0.0259
10:65305125:T:G	T	-0.0276
10:112629911:G:A	A	0.029
15:40380852:G:A	A	0.0616
19:1167922:G:A	A	-0.0293
2:213831335:C:T	T	-0.0284
13:26799210:C:T	T	0.0332
12:33410780:A:G	A	-0.0277
15:40387728:C:T	T	0.0292
10:71452285:T:C	T	0.0334
8:57506937:T:C	T	-0.0278
20:32322964:G:A	A	-0.0521
18:40071905:T:C	T	-0.0304
16:89535257:T:C	T	-0.037
17:3863286:A:G	A	0.0264
2:59580736:C:T	T	0.0373
8:103916392:T:G	T	0.0385
3:35659344:T:G	T	-0.026
20:31248265:C:T	T	-0.0655
15:91523222:T:C	T	-0.0725
7:102774076:C:T	T	0.0266
20:42832789:C:T	T	0.0269
6:32781112:C:T	T	0.0719
2:165463020:A:G	A	0.0457
22:30238074:A:G	A	0.0252
6:131928008:G:T	T	0.0315
20:33081906:C:A	A	0.0251
15:75840071:A:G	A	-0.0335
14:103994961:T:C	T	0.0264
5:55821484:C:T	T	0.0559
8:17869835:T:C	T	-0.0279
2:166146227:T:C	T	0.0253
14:58838668:A:G	A	0.0253
1:205739266:C:T	T	-0.0259
12:121462157:C:T	T	0.0364
19:46298677:A:G	A	-0.057
15:75596685:G:A	A	0.0306
1:15951743:G:T	T	0.0299
15:62362195:G:A	A	-0.0759
2:59586969:G:T	T	-0.0255
7:23707057:T:C	T	-0.0253
2:227205605:A:G	A	0.0303
4:89753225:A:G	A	0.0295
4:25408838:G:A	A	-0.0303
12:66338582:C:T	T	0.0683
11:92708092:T:C	T	-0.0875
5:55865045:C:T	T	0.0373
8:9708433:G:A	A	-0.0256
10:49370090:A:G	A	-0.0267
2:27420605:A:G	A	0.0434
13:59109964:G:A	A	0.025
19:829824:C:T	T	-0.0303
7:23832169:G:A	A	-0.0363
11:30340725:G:A	A	-0.0289
17:47138325:G:A	A	0.032
11:34907912:A:G	A	0.0275
2:59083542:C:T	T	0.0402
10:104568018:C:T	T	-0.0282
10:65020018:T:C	T	-0.027
2:28246841:G:A	A	-0.0391
12:120898991:T:C	T	-0.0702
17:4081234:C:T	T	-0.045
12:48409054:C:A	A	-0.0248
17:27568780:T:C	T	0.0251
9:84290375:G:A	A	0.0458
16:53906099:G:A	A	-0.0249
3:186682718:G:A	A	-0.0418
5:102360747:A:C	A	-0.0267
17:1510048:A:G	A	-0.0318
11:14416189:C:A	A	0.0507
2:28003174:G:T	T	-0.0322
6:130345835:G:A	A	0.0279
11:116682156:G:A	A	-0.035
6:31169438:C:T	T	0.025
14:104291279:A:G	A	-0.0376
7:13987644:C:T	T	-0.0374
7:100321138:T:G	T	-0.0387
2:26192802:C:T	T	0.0624
4:95116263:T:C	T	0.035
10:72599167:T:C	T	-0.0307
14:23289189:T:C	T	-0.0303
17:48164330:C:A	A	-0.0473
8:95823639:T:C	T	-0.0301
19:13115538:C:T	T	-0.0377
10:71332301:C:T	T	0.0633
6:39037955:A:G	A	-0.0322
2:145256545:C:T	T	-0.0279
6:138857296:G:A	A	0.025
4:48758991:C:T	T	-0.0274
1:172359780:A:G	A	0.0248
12:20579969:G:T	T	-0.0299
21:47829197:G:A	A	-0.0368
6:140618203:T:C	T	0.0304
11:69397684:T:C	T	0.0368
7:13829482:A:G	A	0.0943
1:154294805:T:C	T	-0.0246
8:129568078:C:T	T	-0.0277
7:157102257:G:A	A	-0.0461
4:186572503:T:C	T	0.0297
8:96111495:G:T	T	0.0327
2:27189497:C:T	T	-0.0336
5:100268291:A:G	A	-0.135
2:120282026:T:G	T	-0.0246
15:64172501:A:C	A	-0.0267
6:21084430:T:C	T	0.0247
2:175241566:G:A	A	-0.0322
6:15499419:C:T	T	0.028
6:38902728:C:T	T	-0.0244
7:28191672:G:A	A	-0.05
17:37636695:T:G	T	0.0307
6:31318630:A:G	A	-0.0264
10:101912064:T:C	T	0.0243
14:69508526:A:G	A	-0.0255
3:71650885:C:T	T	-0.0248
6:39049205:G:A	A	-0.0264
1:26387423:G:A	A	-0.0305
16:1244631:C:T	T	0.0278
3:89986280:T:C	T	-0.0424
4:4990298:A:G	A	0.0251
7:28179446:A:G	A	-0.0397
8:105608497:G:A	A	-0.0472
12:133361224:A:G	A	0.0251
14:77300863:C:T	T	-0.0246
14:61454848:A:C	A	-0.0284
1:47702368:T:C	T	0.0247
3:152182300:T:C	T	0.0419
6:39281456:A:C	A	-0.0361
17:65647994:G:A	A	0.0404
16:20407196:T:C	T	-0.0271
3:136659724:C:T	T	0.0261
17:70299163:A:G	A	-0.0242
13:26677946:G:A	A	0.0308
1:46163733:A:G	A	0.0241
14:25949277:G:T	T	0.0257
17:519554:G:A	A	0.0317
2:112249583:G:A	A	-0.0307
8:116679547:A:G	A	0.0252
3:123008086:G:T	T	-0.0244
5:76714380:C:T	T	-0.0243
11:92756551:C:A	A	0.0343
1:7037585:A:G	A	-0.0363
3:113028334:G:A	A	0.0264
7:76558271:G:A	A	-0.0299
11:68855363:G:A	A	0.0246
19:13043451:G:A	A	0.0396
8:13511219:C:A	A	-0.0249
7:49592943:C:T	T	0.0246
11:93234240:T:C	T	-0.039
2:43212395:T:C	T	-0.0243
17:56440474:G:A	A	0.0437
1:65989878:C:A	A	0.0421
13:80617309:G:A	A	-0.0545
3:185552912:C:T	T	0.04
6:53623730:G:A	A	0.0387
10:80973926:G:A	A	-0.0317
5:44941630:C:T	T	0.0246
5:76486226:G:A	A	-0.0253
6:126714513:C:T	T	-0.0311
5:101459906:T:C	T	-0.0442
3:171760427:T:C	T	-0.0244
3:72868234:T:C	T	-0.0273
15:77296319:C:T	T	0.0239
3:186645625:C:T	T	0.0246
10:114693230:A:G	A	-0.0247
5:87697533:C:T	T	-0.029
4:145659064:T:C	T	-0.0403
22:40534964:T:C	T	0.024
3:94205768:T:G	T	-0.0242
6:167434686:T:C	T	-0.0238
5:101964458:T:C	T	0.0244
11:43610732:C:T	T	-0.0244
5:74352180:A:G	A	0.0251
11:17323792:C:A	A	0.0467
3:25106760:G:T	T	0.0241
5:106392211:C:T	T	-0.0294
10:114620008:T:C	T	0.1262
10:71094504:T:C	T	0.0409
10:12330330:G:A	A	0.0247
6:43800943:C:T	T	0.0539
2:234306982:G:T	T	0.0252
3:141125186:A:G	A	0.0242
13:108781726:C:A	A	-0.0368
17:57434316:T:C	T	0.0429
2:48155484:C:A	A	0.0306
15:93832067:G:A	A	-0.0355
17:44121579:T:C	T	0.0277
2:60285477:C:A	A	0.0274
2:121353119:C:T	T	-0.0246
5:132444128:G:A	A	-0.0428
3:113298600:G:A	A	0.0285
1:112293512:A:G	A	-0.0239
11:13317964:G:A	A	-0.0264
7:23433146:G:A	A	0.0831
8:22531463:C:T	T	-0.0241
3:54828827:G:T	T	0.0587
1:154311911:G:A	A	-0.0374
9:31185956:C:T	T	-0.0272
15:77714618:T:G	T	0.0661
22:50604696:A:G	A	-0.0955
2:121232720:G:A	A	-0.0625
3:66914758:T:C	T	0.0236
11:9856015:C:T	T	0.0385
17:77895915:A:G	A	0.0275
9:126703738:T:C	T	-0.0279
15:40634717:G:A	A	-0.0433
1:93465783:T:C	T	0.0236
11:28739440:C:T	T	-0.0257
4:1240299:T:G	T	0.0581
16:4443250:T:C	T	0.0289
6:126061502:G:A	A	0.0236
1:151124910:G:A	A	-0.0616
12:132507921:A:G	A	-0.0392
6:111822689:A:G	A	-0.0292
9:134870755:T:G	T	0.0256
1:179323738:C:A	A	0.0244
11:2755552:T:C	T	0.0255
6:32586794:T:G	T	-0.0248
6:31343100:A:C	A	-0.024
11:30647282:G:A	A	0.0374
15:91522966:G:A	A	-0.0362
7:90030877:T:C	T	0.0297
17:61560763:T:C	T	0.0235
9:111936128:C:A	A	-0.0287
9:35734956:C:T	T	-0.0237
10:77255374:G:A	A	-0.036
2:25935577:G:A	A	0.0285
11:92727957:A:G	A	-0.0247
8:145245647:C:T	T	0.0278
4:171041408:T:C	T	-0.0237
2:205375909:C:A	A	-0.0456
19:46108455:A:G	A	-0.027
1:184014199:A:G	A	-0.0244
5:102706342:T:C	T	-0.0259
12:39426349:A:G	A	0.0237
12:121670064:C:T	T	0.0257
7:69139856:G:A	A	-0.0244
1:40095534:C:T	T	0.0308
15:62137911:C:T	T	-0.0236
20:57405100:G:A	A	0.0338
2:121290666:T:C	T	0.0263
9:4311574:A:G	A	-0.0261
15:77416383:C:T	T	-0.0573
2:18722424:T:C	T	-0.0237
17:46448804:A:C	A	0.0594
11:55588216:A:C	A	-0.054
6:41702979:C:T	T	-0.0237
11:58376276:C:T	T	-0.0271
18:1910355:G:A	A	0.0333
12:121091400:G:A	A	-0.0337
1:203518873:A:C	A	0.0247
11:54824098:C:T	T	0.057
17:78757626:A:G	A	0.0252
16:85742950:A:C	A	-0.024
14:29770707:C:T	T	0.0245
10:114638897:G:A	A	-0.0598
3:168218872:T:C	T	0.0333
17:17967397:G:A	A	-0.024
10:114849399:C:T	T	0.0324
10:77621818:A:G	A	-0.0233
6:163864467:G:A	A	0.0281
6:31462248:T:G	T	-0.0234
2:196703316:C:T	T	-0.024
22:41489920:G:A	A	0.0256
1:2199057:C:T	T	0.0472
15:93925327:G:A	A	-0.0238
9:22116261:C:T	T	-0.1604
2:105436084:T:C	T	-0.0249
11:58401547:G:A	A	0.0306
19:50016759:C:T	T	-0.0326
6:36618821:C:T	T	-0.0275
10:73989184:T:C	T	-0.0422
12:31373394:C:T	T	-0.0246
17:7533025:G:A	A	-0.0236
8:11800332:C:T	T	0.0238
11:48923731:C:T	T	0.0466
6:137321910:T:G	T	0.0235
11:72497462:C:T	T	0.0247
11:2390315:G:A	A	0.0268
18:63451325:A:C	A	-0.0249
10:114720882:C:T	T	0.0967
3:23250855:G:A	A	-0.0238
9:97826912:A:G	A	-0.0366
5:102973337:A:G	A	-0.0596
10:12210930:T:G	T	-0.0324
12:4331924:C:A	A	0.025
16:89786761:C:T	T	0.0242
3:173117548:T:G	T	-0.0232
13:33593270:T:C	T	0.0349
11:2282870:A:G	A	-0.0939
18:60895402:T:C	T	-0.0296
13:99109816:T:G	T	-0.0239
14:47304091:G:A	A	-0.0231
3:93893210:A:G	A	0.0234
22:38601231:G:T	T	0.0233
6:163033350:A:G	A	0.0367
5:53256679:T:G	T	-0.0231
22:42025823:G:A	A	-0.0311
19:21722479:C:T	T	-0.0277
2:147920213:T:C	T	-0.0289
3:45377695:C:T	T	-0.0252
18:36278709:T:C	T	-0.0351
10:64907337:G:A	A	-0.0712
9:37146627:A:G	A	0.0242
3:185486728:T:C	T	0.0434
6:7192501:C:T	T	0.0362
1:210306846:G:A	A	0.0252
8:76676187:T:C	T	-0.0232
20:31554296:A:G	A	-0.0451
11:64031241:C:T	T	0.045
16:1129010:C:A	A	0.058
15:74331659:A:C	A	-0.0283
2:203309891:G:A	A	0.0361
5:153557907:G:T	T	-0.0238
11:61269650:C:T	T	-0.0347
16:53545800:A:G	A	0.0229
1:93175814:C:T	T	-0.0237
8:9393379:T:C	T	-0.0273
17:4849774:G:A	A	-0.0235
8:117021708:G:T	T	0.0299
11:55888312:G:A	A	0.0525
6:33341424:A:C	A	0.0248
8:74680416:A:G	A	-0.0355
4:53092348:C:A	A	0.0439
11:74545378:T:G	T	0.023
14:101250258:C:T	T	0.0806
17:17342696:A:C	A	0.0237
7:92236829:A:G	A	0.0277
8:41630744:C:T	T	-0.0561
4:951947:T:C	T	-0.0292
7:117510621:C:T	T	0.0244
7:150826912:G:A	A	0.0236
17:36067169:G:A	A	0.0294
10:114913038:T:G	T	0.0674
5:37986224:A:G	A	0.0347
3:168250887:A:G	A	-0.0236
10:114912965:A:G	A	-0.078
18:40318140:A:G	A	-0.0584
5:53519661:T:C	T	0.0227
11:72877964:G:A	A	-0.0237
2:43687969:T:G	T	-0.0482
2:26561117:C:A	A	-0.0238
6:21030153:G:A	A	0.0307
1:72584184:G:A	A	0.0227
2:181330750:T:C	T	-0.0251
13:94665666:G:A	A	-0.0248
10:105033015:C:T	T	-0.0227
4:49010952:C:T	T	-0.0254
3:18763543:T:G	T	-0.025
2:165395437:C:T	T	0.0283
4:45235743:A:G	A	-0.0382
4:119135120:T:C	T	-0.0406
6:143193971:T:C	T	0.0296
11:65371604:T:C	T	-0.025
6:21071162:C:T	T	0.028
3:64676091:A:G	A	-0.0271
20:62727915:C:T	T	-0.0231
6:26295926:G:A	A	-0.0254
7:72841823:G:A	A	0.0306
9:139231060:A:G	A	0.0264
6:40347895:T:C	T	-0.0232
7:48849508:G:A	A	0.0252
3:70571159:A:G	A	-0.0279
12:4270313:G:A	A	0.023
10:80973056:G:A	A	-0.057
5:55825745:C:A	A	-0.0766
11:58121064:G:A	A	0.0239
3:152710716:A:C	A	0.071
11:2225023:C:T	T	-0.0341
1:214013559:A:C	A	0.0298
1:64107284:C:T	T	-0.0286
6:34208190:T:C	T	-0.0565
2:66657939:T:C	T	0.0245
19:13002033:A:G	A	0.054
1:2167149:C:T	T	-0.0231
3:131492462:G:A	A	0.0256
7:12269593:C:A	A	0.0241
2:27934524:T:C	T	-0.0252
16:81610480:G:A	A	0.0228
2:161237613:T:C	T	-0.0335
7:2247403:G:A	A	-0.0425
1:58273158:T:C	T	-0.0289
20:57465943:T:G	T	0.0293
5:52767121:G:A	A	0.0271
5:176597559:G:T	T	-0.0276
8:145173169:A:G	A	0.0735
8:57125270:T:C	T	-0.0268
3:46925539:T:C	T	-0.0234
13:79587841:A:C	A	-0.0232
16:49041802:T:C	T	-0.0243
19:41854916:A:G	A	0.0435
16:77232746:A:C	A	-0.0321
11:112913053:C:A	A	-0.0331
7:77829768:G:A	A	-0.0233
9:97271019:A:G	A	0.0241
11:32460873:C:T	T	0.0313
9:1039939:G:A	A	0.0242
9:84356148:T:C	T	-0.0317
6:51406848:A:G	A	0.0365
6:39041693:C:T	T	-0.056
3:23189240:A:C	A	-0.0605
9:20999646:G:A	A	-0.0224
11:2822109:C:T	T	0.077
11:55216865:T:C	T	-0.0532
1:26643523:T:C	T	0.0235
1:212353818:C:T	T	0.029
2:146047666:A:G	A	-0.0352
15:38938538:G:A	A	0.0228
8:14101409:T:G	T	-0.0228
14:60713187:C:T	T	0.031
3:138332613:C:T	T	-0.0225
19:21435705:A:G	A	0.0267
4:129208259:G:T	T	0.0273
19:795457:A:G	A	0.0252
1:235690800:G:A	A	-0.0391
12:124881977:G:A	A	0.0471
6:31593476:A:G	A	-0.0241
3:152392877:T:G	T	0.0238
3:185454844:C:A	A	0.0304
16:290304:C:T	T	0.024
10:114445708:A:G	A	-0.0302
22:30599570:A:G	A	-0.0237
6:127227040:G:A	A	0.0618
2:121215150:C:T	T	0.0272
11:92708961:T:C	T	-0.0585
7:103444978:C:T	T	0.0224
10:102447647:C:A	A	-0.0384
1:46424864:G:T	T	0.0223
7:27977174:C:T	T	-0.0388
3:36870230:A:G	A	0.0222
11:17003196:G:A	A	0.0421
7:157112604:A:G	A	0.0223
6:111558006:A:G	A	0.0317
16:15488406:G:A	A	0.0277
2:27739306:C:T	T	0.0366
18:52881622:T:G	T	-0.0235
11:72898034:A:G	A	0.0353
12:121829389:A:G	A	-0.0389
8:145635534:G:A	A	0.0228
10:65221481:C:T	T	-0.0672
4:48422768:T:G	T	-0.023
4:18044357:C:T	T	0.0243
13:59152511:G:A	A	-0.0376
5:56096029:T:C	T	0.024
11:47354905:T:C	T	0.0358
5:45374988:A:G	A	-0.0352
9:85322324:C:T	T	-0.0236
10:114892604:A:G	A	0.0487
11:64773101:T:G	T	-0.0426
6:117262228:C:T	T	0.0452
10:52612662:C:T	T	-0.0244
17:34848874:T:C	T	0.022
9:117187569:G:T	T	-0.0269
2:59139507:T:C	T	0.0345
4:137083193:A:C	A	0.0222
12:4603167:G:A	A	-0.0537
14:89547111:G:A	A	0.0503
7:5331638:C:A	A	0.0231
10:122915345:G:A	A	0.0284
8:95654723:T:C	T	0.0299
2:179432185:A:G	A	0.0236
4:77057822:C:A	A	0.0221
7:7221775:C:T	T	0.0331
4:119660152:A:G	A	-0.0441
6:50368340:T:C	T	-0.048
17:61965043:T:C	T	0.026
16:90004693:G:A	A	0.033
17:29007653:C:T	T	0.0272
16:53821129:C:T	T	0.0584
10:12327724:C:T	T	0.0227
6:126267049:T:C	T	-0.0649
2:165710110:T:C	T	0.0271
7:25952059:G:A	A	0.0251
3:150090266:C:A	A	0.0242
8:19941027:C:T	T	-0.022
1:205225893:C:T	T	0.0304
5:100829389:C:A	A	0.0554
8:41831568:C:T	T	-0.0254
13:28022914:C:T	T	-0.0249
4:53179708:T:C	T	0.026
6:20525587:C:A	A	-0.0221
2:16236366:C:T	T	0.0233
1:179071756:G:A	A	-0.0223
1:16305279:T:C	T	0.0234
20:62210244:T:C	T	0.0604
7:23208043:G:A	A	-0.0437
4:52711185:G:A	A	0.0243
4:26308792:A:G	A	0.0227
8:10739903:G:A	A	-0.033
12:4145516:C:T	T	0.0427
10:93712517:T:C	T	-0.0425
12:95896829:G:T	T	0.0219
18:31695104:T:C	T	-0.0305
13:33553231:C:T	T	0.0255
8:13128674:C:T	T	0.0229
17:70645032:G:A	A	-0.0388
2:60532608:A:G	A	-0.0346
22:24886387:A:G	A	0.0223
4:103188709:C:T	T	0.0445
3:64880377:G:A	A	0.0219
17:44852612:A:C	A	0.0256
21:46494995:T:C	T	0.0228
14:30070659:C:A	A	0.0222
1:117874368:C:T	T	-0.0227
5:52762889:A:G	A	-0.0233
7:121970507:C:T	T	-0.0244
11:65195255:G:A	A	-0.0253
3:52212974:G:A	A	-0.0374
11:128204110:C:T	T	-0.0401
3:52876639:G:A	A	-0.0227
14:80075846:T:C	T	0.0224
6:126110820:C:T	T	0.0436
7:26574336:C:T	T	-0.0272
7:140450216:C:A	A	0.0419
7:27985058:T:G	T	-0.0431
5:105890751:A:G	A	-0.023
20:42920097:G:A	A	-0.0535
4:185732562:A:G	A	-0.0231
1:96404462:C:T	T	-0.0248
7:149196533:G:A	A	0.0224
20:34278890:T:C	T	-0.0317
16:190237:C:T	T	-0.0222
7:4691060:C:T	T	0.0318
2:65261429:G:A	A	-0.0529
8:9218738:C:A	A	-0.0218
2:60380716:C:T	T	-0.0292
6:117869850:C:T	T	-0.0219
1:214216946:A:G	A	0.0547
1:65674836:G:A	A	0.0232
7:103006613:G:A	A	-0.0776
15:40632648:C:T	T	0.0511
8:10009087:G:T	T	-0.0534
6:51145594:A:G	A	-0.025
22:32344403:T:C	T	0.041
5:122752630:G:T	T	-0.0534
3:136752590:G:A	A	0.0264
11:65211392:G:A	A	-0.032
11:8255408:C:A	A	-0.024
4:6255313:C:T	T	-0.04
9:8290220:T:C	T	-0.0284
6:41957972:C:T	T	0.0705
16:24832693:C:T	T	-0.0243
9:136164593:T:G	T	-0.0357
8:95713737:G:A	A	-0.0493
16:88554480:T:C	T	-0.0321
16:3301360:A:G	A	-0.0228
5:86577352:A:G	A	-0.0244
3:116851872:G:A	A	-0.0248
6:20673123:T:G	T	0.0312
1:11337559:C:T	T	-0.024
15:47404320:C:A	A	0.0224
5:49636753:G:T	T	-0.0218
1:147141160:C:T	T	-0.0938
13:33485053:A:G	A	0.023
12:93968256:G:A	A	0.0251
14:77850267:T:C	T	0.0216
22:43190158:C:T	T	0.023
3:183411802:C:A	A	0.0437
7:90233618:G:A	A	0.0228
8:9154394:A:C	A	-0.0287
11:2497101:C:T	T	0.0219
7:15881942:C:A	A	0.0267
8:26153222:G:A	A	0.022
4:3291401:G:T	T	0.0229
12:26389038:G:A	A	0.022
6:31708910:T:C	T	-0.0524
6:32633282:T:C	T	-0.0527
13:50747984:G:A	A	0.0221
9:22584584:A:G	A	-0.0226
9:97497494:T:C	T	0.1001
2:67622243:A:G	A	0.0228
15:91586775:T:C	T	-0.0262
2:44862613:A:G	A	-0.0226
8:41390754:A:C	A	-0.0222
1:179670125:C:T	T	-0.024
17:21279605:T:G	T	0.0233
10:72609773:T:C	T	0.045
11:2296176:C:T	T	-0.0434
2:43496986:C:T	T	0.0228
13:110426000:G:A	A	0.0215
17:57561147:G:A	A	-0.0254
3:137873703:T:C	T	-0.0548
11:10076430:A:G	A	-0.0236
17:44908263:C:T	T	-0.0228
4:18944129:C:T	T	0.0223
12:33684640:C:T	T	-0.0345
7:73020439:C:T	T	0.0568
12:21746296:A:G	A	-0.0417
3:187735916:A:G	A	-0.0315
4:100239319:T:C	T	-0.0645
2:27437496:C:T	T	-0.0241
19:33918569:T:G	T	0.0223
3:58409126:C:A	A	-0.0214
10:80932860:G:A	A	0.0346
9:137176332:G:A	A	-0.0343
7:26397239:C:A	A	-0.0216
8:135771980:C:A	A	0.0228
4:49313492:A:C	A	0.0251
16:9735857:C:T	T	0.0215
17:29250853:G:A	A	0.0597
10:80965186:C:A	A	0.0441
6:140027475:G:T	T	0.0546
12:46298435:T:C	T	0.0226
14:24527672:G:A	A	0.0216
17:47029988:G:A	A	0.0309
19:46370301:C:T	T	0.0347
10:63736304:G:A	A	-0.0437
11:8784225:T:G	T	0.0413
3:185203380:C:T	T	-0.056
9:120404878:C:T	T	-0.0223
11:65576803:T:C	T	0.0693
15:76437983:T:G	T	-0.0303
6:31555657:A:G	A	-0.0229
1:36787888:G:A	A	0.0218
19:31760187:C:T	T	-0.0471
8:96080389:A:C	A	-0.0278
17:41458020:A:G	A	-0.0278
16:73097029:G:A	A	-0.0221
22:50692562:G:A	A	0.0227
9:96447178:C:T	T	0.0236
17:79980756:C:A	A	-0.0221
19:1664092:C:T	T	0.036
17:40960253:C:T	T	0.0335
12:124306729:G:A	A	-0.0216
3:24993904:A:G	A	-0.0238
7:44182598:C:T	T	0.0487
14:101173124:A:C	A	-0.0254
19:39404800:A:C	A	-0.0223
5:95850250:A:C	A	-0.0215
8:145536497:C:T	T	0.0554
14:21932592:C:T	T	0.0215
3:47242923:A:G	A	-0.0364
2:203014959:T:C	T	-0.0343
15:41254460:A:G	A	-0.0394
16:1333387:C:T	T	-0.022
20:57462628:G:A	A	-0.0523
1:200197538:A:G	A	0.0218
11:83243039:G:A	A	0.024
6:105034951:C:T	T	0.0358
5:67730110:G:A	A	0.0426
7:77047102:A:G	A	0.0228
6:52626120:C:T	T	0.0223
3:187624205:G:A	A	-0.0213
18:36569997:G:A	A	-0.0369
11:57152402:G:A	A	-0.0361
2:205744282:T:G	T	-0.0356
10:16733336:T:C	T	-0.0229
11:79041300:A:G	A	-0.0212
17:36072733:C:T	T	0.0448
20:45553106:G:A	A	0.0466
6:20487597:G:A	A	0.0489
8:9368431:A:G	A	0.0518
4:876806:G:A	A	-0.0481
6:21082964:A:G	A	0.0439
6:51089143:T:C	T	-0.0299
9:136085200:G:T	T	-0.0288
15:76953256:C:T	T	0.0211
6:130317817:C:T	T	0.0383
5:112383275:G:A	A	-0.0212
11:68778383:T:C	T	0.0216
4:121765788:C:T	T	0.0236
3:47208986:T:C	T	0.0218
19:19989679:C:T	T	0.0455
14:27627338:T:C	T	0.0211
14:35455979:G:A	A	0.0216
20:22058881:T:C	T	0.0226
12:20591332:G:A	A	0.0429
19:7161604:A:G	A	0.0221
2:107503324:C:T	T	-0.0225
22:46629479:A:G	A	-0.0333
11:49742774:G:A	A	0.0399
12:41790291:C:A	A	0.0591
14:99712893:T:C	T	-0.0419
2:158848804:G:A	A	0.0212
11:93258861:T:C	T	-0.021
10:69971567:C:T	T	0.021
2:239893464:G:A	A	-0.0261
10:44067422:G:A	A	0.0211
9:26596787:T:C	T	0.0317
16:83980965:C:T	T	0.0213
11:2968747:T:G	T	0.0502
2:152160963:T:C	T	-0.021
7:18279936:G:A	A	-0.0236
20:32849416:A:G	A	-0.0412
4:91243865:G:A	A	0.021
7:23503754:A:G	A	-0.0218
11:34643721:T:C	T	0.0296
19:896506:A:G	A	-0.0377
15:47160593:G:A	A	-0.0228
3:114453076:G:T	T	0.0387
6:127798402:A:G	A	-0.0217
13:112187218:G:A	A	-0.0242
10:49659843:G:A	A	-0.0266
5:118727224:A:G	A	0.0225
4:702972:T:C	T	-0.0218
19:45734751:A:G	A	-0.0216
8:110125606:A:G	A	0.0209
3:62689764:C:T	T	0.0256
3:161657384:C:A	A	-0.0268
7:157072483:A:G	A	-0.0387
2:28010361:A:G	A	-0.0487
10:93977868:C:T	T	0.0411
4:77502743:G:A	A	-0.0217
15:66630569:G:A	A	-0.0218
1:111190014:G:A	A	-0.029
7:22985010:A:C	A	-0.0341
4:20209842:A:G	A	-0.0299
1:155162067:C:T	T	0.0209
2:165364887:G:A	A	0.0314
16:1385756:C:T	T	0.0392
5:132284251:A:C	A	0.0281
2:145646072:T:C	T	0.0226
17:29750229:G:A	A	0.0354
14:46792503:C:A	A	0.0214
7:2760750:C:A	A	-0.0236
1:85753325:G:A	A	0.0224
20:34732372:C:A	A	0.0359
16:75224971:C:T	T	-0.0279
10:13429783:C:A	A	-0.0435
3:44883971:G:A	A	-0.0259
3:12052922:T:G	T	-0.0407
11:83517512:T:C	T	-0.0215
13:41587848:A:G	A	0.0211
16:75316074:A:G	A	-0.0235
9:14130239:C:T	T	0.03
14:28315514:G:A	A	1.7643
17:57973096:C:T	T	-0.0244
2:169757354:C:T	T	0.0248
3:64786584:T:C	T	-0.0208
1:109995797:T:G	T	-0.0421
12:522179:A:G	A	0.0236
20:50453874:T:C	T	0.0219
12:103678062:C:A	A	-0.0236
5:53350910:G:A	A	-0.0308
18:31581247:C:T	T	0.0209
19:13095369:G:A	A	0.0213
8:106417183:C:T	T	0.0214
3:47914974:C:T	T	0.0353
3:185760953:C:T	T	0.0296
2:226899712:C:A	A	-0.0296
18:20961635:C:T	T	-0.0206
2:72963797:C:T	T	0.0322
8:19720395:G:T	T	0.0301
18:54656612:A:G	A	0.0374
15:73451443:A:C	A	0.0207
4:6334499:A:G	A	0.031
17:45913653:C:T	T	-0.0411
9:4305959:G:A	A	0.0246
10:114834989:G:A	A	0.2217
5:127406259:G:T	T	0.0249
15:76239020:C:T	T	-0.0207
1:6980883:A:G	A	-0.0208
2:558048:T:G	T	0.0419
8:145710386:G:A	A	-0.0208
22:35660875:G:T	T	-0.0214
10:114543493:C:A	A	0.0214
8:41227207:A:G	A	-0.0327
6:34404364:G:A	A	-0.052
5:42915470:C:T	T	-0.0218
1:40007013:T:C	T	0.047
13:33750984:G:A	A	0.0207
11:45979892:T:C	T	-0.0253
6:98399521:A:G	A	-0.0212
8:23610799:T:G	T	0.0245
15:40486486:A:G	A	-0.0672
19:1865673:A:G	A	0.028
2:198524149:C:T	T	-0.0259
5:147856522:G:A	A	-0.0211
13:58769062:T:C	T	0.0255
22:29757863:A:G	A	0.0444
3:43904791:C:A	A	-0.0231
9:3283313:T:G	T	-0.0315
3:86878962:A:C	A	-0.0217
1:82499606:A:G	A	0.023
2:105190837:A:G	A	0.0207
18:13260027:C:T	T	-0.0208
10:94241517:G:T	T	0.036
8:34383098:G:A	A	-0.025
3:47534109:G:A	A	0.0218
19:14431293:G:A	A	-0.0209
14:102983857:G:A	A	0.0238
3:23141765:A:G	A	0.0224
20:45608564:A:G	A	-0.0328
17:55981614:G:A	A	-0.0307
20:20229972:G:A	A	-0.0332
8:28123717:G:A	A	0.0212
14:74941081:A:G	A	0.0209
6:138772496:A:G	A	-0.0293
18:22461978:G:A	A	0.0207
16:81449060:A:G	A	0.0209
2:148626696:C:A	A	-0.0265
10:89615184:C:A	A	0.026
2:25675712:A:G	A	0.0235
5:52074896:A:C	A	-0.0252
7:24406519:A:C	A	-0.0212
1:149889489:A:G	A	0.0403
6:32006655:C:T	T	0.0227
16:88565032:G:A	A	0.0517
16:81541587:C:A	A	-0.0287
10:71152563:C:T	T	-0.0286
14:69788929:C:A	A	0.0279
9:140278206:C:A	A	-0.0318
12:124642514:A:G	A	-0.0383
14:99667179:G:A	A	-0.0209
2:226711445:C:T	T	-0.0514
1:26726127:G:A	A	0.0231
5:119228851:T:C	T	0.0224
7:27783995:C:T	T	0.0208
2:219219840:G:A	A	0.0236
5:76460800:C:T	T	-0.0212
7:150308848:C:T	T	0.0252
19:46392970:G:A	A	0.0243
7:101740309:G:A	A	0.1147
5:66287883:A:G	A	0.0208
10:21048806:T:C	T	0.0211
18:42947644:A:G	A	0.0222
7:41356123:C:T	T	-0.0207
9:136114571:A:C	A	-0.0305
9:28944334:G:A	A	-0.0296
1:29019724:G:A	A	-0.0212
6:32548921:A:G	A	-0.0641
3:69841880:C:A	A	0.0207
17:40258127:T:C	T	-0.0321
7:32338337:G:A	A	-0.0246
3:170763900:G:A	A	0.0206
13:114277201:G:A	A	0.0214
4:153482738:G:T	T	-0.0599
2:48413924:G:A	A	0.0303
17:4165956:C:T	T	-0.0317
12:110178261:G:A	A	0.0265
14:69803781:C:T	T	-0.025
6:21912672:C:T	T	-0.0209
4:1796180:G:A	A	-0.0258
18:42326974:A:C	A	-0.0228
1:177931532:C:A	A	-0.0224
15:40443476:T:C	T	0.0257
2:60540393:C:A	A	-0.0274
7:150614934:T:C	T	0.0242
10:70898757:G:A	A	0.04
17:47177747:C:T	T	-0.0213
17:7485206:A:G	A	0.0269
5:134241445:G:A	A	0.0206
5:173038618:A:C	A	-0.021
4:67831456:C:T	T	-0.0204
3:122836944:G:A	A	-0.0403
2:165578602:C:T	T	0.0434
3:13429290:A:G	A	0.0203
17:2242417:A:G	A	0.0233
15:53058612:C:T	T	0.0248
21:40175634:C:T	T	0.0325
5:102678073:A:G	A	-0.0219
3:185202184:G:A	A	-0.0383
6:154391369:G:A	A	0.027
1:64256988:A:G	A	0.0254
3:187669248:G:A	A	0.0357
21:47708037:G:A	A	0.0202
2:100885658:C:T	T	-0.0528
19:31017177:C:T	T	-0.0289
11:47065072:G:A	A	-0.0324
11:76156973:G:A	A	-0.0217
4:19955070:C:T	T	0.022
19:19378416:C:T	T	0.0625
15:77310726:T:G	T	-0.0388
3:137835032:A:G	A	0.0212
1:214167292:A:G	A	0.0281
11:2580063:G:A	A	-0.0286
9:126096522:G:A	A	0.0207
5:107502323:G:A	A	-0.0264
13:28521052:G:T	T	0.0291
8:72514228:T:G	T	-0.0235
8:9742267:T:C	T	0.0482
5:46143549:C:A	A	0.0207
7:150713740:T:C	T	-0.0262
10:71456311:T:C	T	0.0211
12:4092048:G:A	A	-0.0333
6:30402608:G:A	A	0.0776
8:9278666:G:A	A	0.0477
3:93629784:C:T	T	-0.0206
15:42149952:T:C	T	0.0211
10:103117653:G:A	A	-0.0208
2:5819725:C:T	T	-0.0417
15:40691052:C:A	A	-0.0214
19:21522948:A:G	A	-0.0374
9:2622134:C:T	T	-0.0221
1:213952992:T:C	T	0.0262
2:55325911:C:T	T	-0.0204
17:66449122:G:A	A	-0.0239
7:69901629:C:T	T	0.029
6:32494038:T:C	T	-0.0654
17:76404893:C:T	T	0.0237
6:20508536:A:G	A	-0.0796
3:186664055:C:T	T	-0.0429
7:15040601:A:C	A	0.0442
14:33410749:A:C	A	-0.026
1:114231398:G:A	A	-0.0206
2:233720283:G:T	T	-0.022
2:6145027:C:A	A	-0.0206
10:13482163:T:C	T	0.0221
15:43888976:G:T	T	-0.0357
11:20952237:G:A	A	0.0467
2:193000979:A:G	A	-0.021
5:137408834:A:C	A	-0.0225
4:1009420:T:C	T	-0.0206
5:55965964:T:C	T	0.0303
9:81319923:G:A	A	-0.0212
1:110074967:A:G	A	0.0234
4:34437859:A:G	A	-0.0351
5:52972221:G:A	A	-0.0207
20:35002849:A:G	A	-0.0436
11:3106659:C:T	T	0.021
7:45537938:A:G	A	0.0396
22:41770056:G:A	A	-0.0383
22:19969696:C:T	T	0.0216
16:15235820:T:C	T	0.0214
10:75594050:G:T	T	-0.0202
22:31838518:C:T	T	-0.0239
18:77296105:G:A	A	0.0245
15:77666010:G:A	A	-0.0555
10:94474563:C:T	T	-0.0753
18:2846499:T:C	T	0.021
2:227267449:T:C	T	0.0483
15:67010076:A:G	A	-0.0247
7:102113093:T:C	T	0.0223
7:69178418:C:A	A	0.044
1:152158481:C:T	T	-0.0816
8:25871881:G:T	T	-0.0235
5:77380723:G:T	T	-0.0204
14:105257354:G:A	A	-0.0283
8:9834862:C:T	T	0.0205
2:59199847:G:A	A	-0.0218
6:7307114:C:T	T	-0.0425
13:28258522:C:A	A	-0.0213
11:16798672:A:C	A	0.0252
6:20526361:T:C	T	0.025
2:60586661:G:A	A	-0.0325
2:59144129:A:G	A	-0.0631
1:118138395:G:A	A	-0.0294
11:103080239:A:G	A	-0.0257
9:139245194:C:T	T	0.0538
15:41226119:A:G	A	-0.0201
6:152335236:G:A	A	0.03
12:117657345:T:C	T	-0.0219
20:33400913:G:T	T	0.0203
7:36742580:T:C	T	-0.0207
9:136081319:C:T	T	0.0491
2:162329863:G:A	A	-0.0388
11:133375648:A:C	A	0.0313
4:53350107:A:G	A	0.0217
15:44167270:T:C	T	0.0346
11:69088554:C:T	T	-0.0212
6:119256332:A:C	A	-0.021
10:114590680:C:A	A	-0.0537
20:57212726:C:T	T	0.0281
6:33543409:A:C	A	0.0204
5:66789202:C:T	T	-0.0224
16:54370634:T:C	T	-0.0382
2:111807677:G:A	A	0.0225
1:209561252:T:C	T	-0.0248
5:92907684:G:A	A	-0.0277
15:78018356:T:C	T	-0.0354
2:213832722:T:C	T	-0.0228
10:99801821:C:A	A	-0.0223
10:74713046:T:G	T	-0.0408
1:31570497:A:G	A	-0.0368
20:21466795:T:C	T	-0.0332
16:25236955:T:C	T	-0.0208
8:97140193:T:C	T	0.0203
19:31835516:C:T	T	-0.0204
22:25220606:C:T	T	0.0212
11:50745087:C:A	A	0.0365
12:4407632:T:G	T	-0.052
2:218866486:C:T	T	-0.0631
13:31038651:G:A	A	-0.0224
16:53394286:A:G	A	0.0211
17:57065924:A:C	A	-0.0203
10:104287051:G:A	A	-0.0223
7:55773037:G:A	A	0.0268
2:234568964:C:T	T	0.0226
3:123049678:C:T	T	0.0251
11:2271304:C:T	T	0.032
20:22548520:A:G	A	0.0454
16:88989059:A:G	A	-0.0214
8:9069748:A:G	A	0.025
8:41255416:C:T	T	0.0279
10:23283214:G:A	A	-0.026
2:28542934:A:G	A	-0.0233
10:115792787:G:A	A	-0.0224
20:33171772:G:A	A	-0.0379
3:3649850:C:T	T	0.3546
8:116518399:T:C	T	0.0234
7:140704702:C:T	T	0.0389
12:125084956:C:A	A	0.0274
6:20251699:C:A	A	0.0206
18:70865108:A:G	A	-0.6369
9:34311020:T:C	T	0.0332
8:104375087:C:A	A	-0.0236
11:130796248:A:G	A	-0.0216
19:33148852:G:A	A	0.0207
11:79105013:C:T	T	-0.0198
11:69205747:G:A	A	-0.0322
9:4234822:A:G	A	-0.0466
12:188285:C:T	T	0.0206
5:14878979:G:A	A	0.0388
3:64621559:T:C	T	-0.0222
15:54011788:C:T	T	-0.0207
19:7293119:T:C	T	0.0509
10:23478634:C:T	T	-0.023
5:57625982:G:A	A	-0.0203
6:107469891:T:C	T	-0.0209
12:14412379:A:G	A	0.025
8:64565957:C:T	T	-0.0199
3:170527539:A:C	A	0.0517
7:93084665:G:A	A	-0.0199
7:156815971:A:G	A	0.0228
4:145597759:A:G	A	0.0205
7:117175505:A:G	A	0.0444
10:79986017:A:C	A	-0.0215
21:42584141:T:C	T	-0.0269
9:15812829:G:A	A	0.0199
4:73415608:T:G	T	-0.6674
2:161914168:G:A	A	-0.0224
3:66318457:A:C	A	0.0219
7:102645052:A:G	A	-0.0435
4:146087979:G:A	A	0.0381
19:50121274:G:A	A	0.0371
16:69542376:A:C	A	-0.0237
4:119373008:A:G	A	-0.7035
8:135816955:C:T	T	0.053
11:116999059:A:G	A	0.0272
20:2122716:G:T	T	-0.0233
15:80371752:C:T	T	0.0207
15:38776362:T:C	T	-0.0682
5:111253269:T:C	T	0.0207
22:22046318:C:T	T	0.0252
2:25348546:G:A	A	-0.0307
22:50510805:C:T	T	-0.0466
8:65529350:G:A	A	0.0325
8:18272438:C:T	T	-0.0234
11:76480255:C:T	T	-0.0242
10:118558383:G:A	A	0.0198
4:47308412:G:A	A	0.0203
8:144987881:C:T	T	-0.0227
1:110470764:G:A	A	0.0277
4:143717164:C:T	T	0.0204
9:110005076:A:G	A	0.0197
9:104511455:A:G	A	-0.0197
3:184874042:A:G	A	0.0213
14:50651458:G:A	A	-0.0483
9:107743466:A:G	A	-0.0282
4:153511031:G:A	A	-0.0415
6:32633373:C:T	T	0.0588
9:139231884:C:T	T	-0.0477
6:143047865:G:A	A	-0.0497
7:150611161:G:T	T	0.0449
20:3788479:C:T	T	0.0199
12:57879584:C:T	T	0.0442
15:39447529:A:G	A	0.0269
12:26404284:G:A	A	0.0201
12:56256949:T:G	T	-0.5385
4:20263888:T:C	T	0.0205
22:20784217:C:T	T	-0.0225
5:53446586:C:T	T	0.0275
8:145266393:C:T	T	-0.0342
1:39507093:T:C	T	-0.0447
11:75456055:T:C	T	-0.0255
5:157846809:G:T	T	0.0424
2:42951501:C:T	T	0.0217
17:7093466:A:G	A	-0.0211
7:51072772:C:T	T	-0.0329
19:1236481:C:T	T	-0.0583
7:16233254:T:C	T	-0.0197
15:99276521:G:T	T	0.0213
15:38016594:C:T	T	-0.0208
10:104924820:G:A	A	0.0288
9:98085979:T:C	T	0.0866
2:112669655:C:T	T	0.0386
12:49026996:G:A	A	-0.0214
13:77986403:C:T	T	0.021
22:29495254:G:A	A	0.0225
2:46917787:C:T	T	-0.0229
2:63053048:G:A	A	-0.0196
11:28057957:T:C	T	-0.0213
11:47375193:G:A	A	0.0209
9:123467570:C:T	T	0.0215
6:39288945:G:A	A	0.0532
5:63015880:C:T	T	0.0214
1:236396811:C:A	A	-0.0206
4:156695766:T:C	T	-0.0241
2:160674656:C:A	A	-0.0204
20:54235969:G:T	T	0.0214
10:126439381:G:A	A	-0.0268
16:30003756:C:T	T	0.0455
11:66134085:C:T	T	0.024
17:77892155:A:G	A	-0.0328
15:41647775:T:C	T	-0.0218
3:138158992:T:C	T	-0.0403
12:56255673:A:G	A	-0.5307
8:118200429:A:G	A	-0.0262
2:60114261:C:T	T	-0.0269
15:66884895:G:A	A	-0.0221
4:17880416:A:C	A	-0.0293
3:64696985:G:A	A	-0.0426
2:165564117:A:G	A	0.039
14:101309759:G:A	A	-0.0232
11:115091119:T:G	T	0.022
6:153371183:A:G	A	-0.0196
2:159323038:A:G	A	0.0216
14:59041618:G:A	A	-0.0218
14:104614163:G:A	A	-0.0274
15:38883365:A:G	A	-0.0214
6:40290981:C:T	T	-0.0326
19:19885076:C:A	A	0.0196
12:24491269:G:A	A	-0.0338
13:81532831:C:T	T	-0.043
1:183023636:T:C	T	-0.0198
6:31438096:C:A	A	0.0287
15:72978531:C:A	A	0.0375
10:76829757:A:G	A	-0.0208
2:59234869:G:A	A	0.0259
3:187737376:G:A	A	0.0288
12:121457995:G:A	A	0.0196
4:157617667:C:A	A	-0.0853
2:198805185:C:T	T	-0.0246
15:83514599:A:G	A	0.0194
5:14623622:G:T	T	-0.0521
10:71357579:T:C	T	-0.0465
16:28566158:G:T	T	0.0196
9:129454101:G:A	A	0.0304
7:130013638:G:T	T	0.0207
16:89199205:G:A	A	0.044
2:100608840:C:T	T	-0.0497
8:116700003:C:T	T	0.0396
12:13218604:G:A	A	0.0304
15:84646982:T:C	T	-0.0205
6:36911274:G:A	A	-0.029
18:40706971:A:C	A	0.02
18:22136195:C:A	A	-0.0254
10:26573749:C:T	T	-0.0254
6:32804798:G:A	A	0.0223
3:121985131:A:G	A	-0.0456
7:151409293:C:T	T	0.0223
10:80911716:G:A	A	0.0468
3:180523095:A:G	A	-0.0381
6:7268383:C:T	T	0.0784
7:130394857:G:T	T	0.0204
4:106393547:A:G	A	-0.0292
6:166182536:C:A	A	0.0201
7:5364041:G:A	A	0.0316
9:119187002:A:C	A	-0.0231
15:76848382:C:T	T	0.046
6:31275289:A:C	A	-0.02
22:50723474:G:A	A	0.0199
3:23794411:T:C	T	-0.0252
14:92549586:G:A	A	0.0193
9:100952197:C:T	T	0.0342
18:70875542:G:A	A	0.6157
9:118278100:C:T	T	-0.0213
11:30613628:A:G	A	0.0226
15:64172899:G:A	A	-0.0263
6:39857931:C:T	T	0.0195
4:1050653:G:A	A	-0.0237
17:44352131:G:T	T	0.0259
8:16169048:T:G	T	-0.0199
2:121449337:A:G	A	-0.0415
3:14923396:A:G	A	0.0195
7:133560316:C:T	T	-0.029
17:66383608:C:T	T	-0.0244
15:31725775:T:C	T	0.0223
8:102751489:T:C	T	-0.0245
12:106329508:G:A	A	-0.0209
8:142253369:C:T	T	0.0257
6:126617423:G:A	A	0.0199
9:131017962:A:G	A	-0.0222
19:33874758:A:G	A	0.0195
5:88060311:G:T	T	0.0235
3:44301608:C:T	T	-0.0419
11:128397614:A:C	A	0.0396
15:58680954:T:C	T	-0.0199
16:83451606:T:C	T	0.0193
6:28883697:A:G	A	-0.0876
10:118641396:G:T	T	0.0252
16:4367730:C:T	T	0.0217
10:68073415:T:C	T	-0.0286
8:19589113:G:T	T	-0.0255
2:100930134:G:A	A	-0.0201
7:22951160:C:T	T	-0.0452
1:155698425:C:T	T	0.0327
12:21644667:G:A	A	-0.0193
16:976169:C:T	T	0.0275
12:17196832:A:G	A	0.0194
18:36848938:A:G	A	0.0349
20:34594992:T:C	T	-0.0276
11:128446187:G:A	A	-0.0192
1:96901455:T:G	T	-0.0195
2:202962496:G:A	A	0.0198
11:61019325:A:G	A	-0.0294
11:89990280:C:T	T	0.0206
2:169705037:T:G	T	0.0203
5:72295577:C:T	T	0.024
6:140072052:C:A	A	0.0246
20:43036452:G:A	A	-0.0194
12:97507542:T:G	T	0.0194
20:62790429:A:G	A	-0.0223
13:103338230:A:C	A	0.0217
17:43223292:G:A	A	0.0205
17:43836953:A:C	A	-0.0257
20:22442989:T:C	T	0.0222
17:17638813:G:A	A	0.0408
5:101816228:G:A	A	-0.021
15:72191266:C:T	T	-0.0562
3:123127106:C:T	T	0.0215
1:144594393:G:A	A	0.0751
1:73298749:G:A	A	-0.0406
8:19816934:T:C	T	0.0229
12:4071901:T:G	T	0.0193
9:84375333:C:T	T	0.0754
10:122836858:C:T	T	-0.0314
6:39193418:G:A	A	0.0205
12:41958100:A:G	A	-0.0235
7:13875122:T:C	T	-0.0251
13:28617708:C:T	T	-0.0196
12:50290728:A:G	A	-0.0219
5:87102999:C:T	T	0.0333
7:44263028:C:A	A	0.0274
7:140372299:T:C	T	-0.0256
2:241363727:G:A	A	-0.0209
1:146747153:T:C	T	0.0271
12:56256294:A:G	A	-0.5196
12:121746542:G:A	A	0.0474
6:105453867:T:C	T	-0.0581
17:43572419:C:T	T	0.0246
7:1047339:T:C	T	-0.0313
10:122929408:C:T	T	0.0603
8:95454158:T:G	T	0.0579
14:49577200:G:A	A	-0.0221
1:212604966:A:G	A	-0.0261
3:153067803:C:T	T	0.0848
2:437664:A:G	A	-0.0198
15:41486990:G:A	A	-0.0251
7:99949801:A:C	A	0.0631
12:4074906:A:C	A	-0.0201
15:91575297:T:C	T	-0.0196
1:40760845:G:A	A	-0.039
1:214816224:G:A	A	0.0347
1:39550608:A:G	A	0.0209
22:24634471:T:C	T	0.0192
16:85150163:A:G	A	-0.0333
9:21277550:T:G	T	-0.0196
8:81375457:C:T	T	-0.0309
2:59496453:C:T	T	0.0191
8:9894440:G:T	T	0.0345
12:4762454:G:A	A	-0.1781
5:124087930:A:G	A	0.0276
4:34831666:A:G	A	-0.0202
9:83978906:T:C	T	0.0192
13:50458005:C:A	A	0.0208
10:55770851:T:C	T	-0.0219
9:129425745:G:A	A	-0.0228
7:100273085:T:C	T	-0.0524
7:102354008:C:A	A	-0.0256
9:111064801:C:T	T	0.0193
1:39662654:C:T	T	-0.0225
7:74402206:G:T	T	0.0248
7:48795136:C:T	T	-0.0191
22:18157282:A:G	A	-0.0214
17:29395746:C:A	A	0.028
3:88263487:T:G	T	-0.0321
13:110015286:T:C	T	-0.022
11:2978772:T:C	T	0.0653
16:62844240:A:C	A	0.0191
12:69973392:T:C	T	-0.02
10:113106287:G:A	A	0.0253
19:19795560:C:A	A	0.0201
3:9434405:A:G	A	-0.0205
21:42626882:A:G	A	-0.0198
17:41173086:G:A	A	0.0257
16:64279067:A:G	A	0.0202
3:94100695:A:C	A	-0.0367
15:91695362:G:A	A	0.0363
19:33790556:G:A	A	0.0422
8:118837074:A:C	A	0.02
14:35785129:G:A	A	-0.0191
1:208055844:C:T	T	0.0399
10:81069413:A:G	A	0.0222
17:35693085:T:G	T	0.0236
3:35030173:C:T	T	-0.0291
20:57704379:C:T	T	-0.0213
2:28277414:T:C	T	0.0393
14:94039845:G:A	A	-0.0353
7:39402765:C:T	T	-0.026
10:22971939:T:C	T	0.0215
2:212264642:T:C	T	-0.0212
13:112316218:A:G	A	0.0369
2:86736361:C:A	A	-0.0233
3:77425630:T:G	T	0.0195
2:160881113:C:T	T	-0.0328
3:182267234:A:C	A	0.0217
5:109405984:C:A	A	-0.0192
3:183800925:A:G	A	0.0192
1:107989314:C:T	T	0.0215
9:113178219:G:T	T	0.036
15:73109078:C:T	T	0.0218
3:71360009:G:A	A	0.0274
10:123946843:C:T	T	-0.019
13:80714487:G:A	A	0.0243
7:14770116:G:A	A	0.053
14:103275970:T:C	T	0.0198
6:83467255:T:G	T	0.0266
2:72706633:T:C	T	-0.0285
1:39932994:G:A	A	-0.0227
2:27355899:A:G	A	-0.0461
12:4444437:G:A	A	-0.0201
7:73445789:A:G	A	0.019
7:77013045:C:T	T	0.0269
15:90564714:A:G	A	0.0193
11:56386644:T:C	T	-0.0346
7:104466964:G:A	A	-0.0237
1:199994841:T:C	T	-0.0232
2:29112923:T:C	T	0.0219
19:33884341:A:G	A	0.0206
3:151771061:C:T	T	-0.0201
4:90138659:G:A	A	0.6593
9:90811204:G:T	T	0.0192
10:104638421:A:C	A	-0.028
7:28759900:C:T	T	-0.0189
3:20172672:T:C	T	0.0206
5:100130327:G:A	A	0.0506
11:10331664:A:C	A	-0.019
2:161368905:T:C	T	0.019
11:2877937:C:T	T	-0.0282
18:56893218:C:T	T	-0.0617
18:46497298:T:C	T	-0.0202
12:56260438:G:T	T	0.513
3:45100256:A:C	A	-0.0195
1:201699395:C:T	T	-0.0363
11:2828466:G:A	A	0.0472
1:95963173:A:G	A	-0.0193
11:45354166:C:T	T	0.0199
19:906963:C:T	T	-0.0203
1:62611666:A:C	A	0.0189
7:82719489:A:G	A	-0.0189
15:76126371:C:A	A	-0.0204
2:101729336:T:C	T	0.0261
3:187462159:A:G	A	-0.0443
11:2793468:C:T	T	-0.0572
13:26827416:T:G	T	-0.0339
2:55151848:G:A	A	-0.0333
13:66293066:T:C	T	0.0483
2:170593293:C:A	A	-0.0281
12:56260015:G:A	A	0.5025
22:18462027:C:T	T	-0.0223
5:50434358:C:A	A	0.0206
22:29891183:G:A	A	-0.0453
20:31912567:A:C	A	-0.0198
3:128983853:A:G	A	0.0234
22:29378610:T:C	T	-0.0199
11:2953798:A:C	A	-0.0226
6:31309186:G:A	A	0.0616
11:122004361:C:A	A	0.0252
16:86445085:T:C	T	0.019
3:42713021:T:C	T	0.0482
12:124844986:T:C	T	0.0252
15:40971747:T:C	T	-0.0481
2:112567800:G:A	A	0.0222
3:137770403:G:A	A	0.0198
13:66204880:T:C	T	0.0206
5:116633607:T:C	T	0.0195
15:99180724:A:C	A	-0.0219
19:45421744:G:T	T	0.0202
1:2184988:A:G	A	-0.0315
7:100819187:A:G	A	-0.023
14:101146413:A:G	A	-0.0349
4:189517385:G:A	A	-0.0191
6:33802636:A:G	A	0.0189
3:15592550:T:C	T	-0.0199
16:70654728:C:T	T	-0.0193
15:66405855:T:G	T	-0.0265
7:72155834:T:C	T	-0.0354
12:4269530:G:T	T	-0.0582
17:76119293:C:T	T	-0.034
12:133777838:C:T	T	0.0199
4:73382257:G:A	A	0.7392
7:48644268:A:G	A	-0.0189
18:29795101:T:C	T	-0.0209
7:50815456:T:C	T	0.031
1:6603000:C:T	T	0.0432
4:46240004:A:G	A	0.0294
3:150018637:G:A	A	0.0575
15:67442596:C:T	T	-0.022
16:19975407:C:T	T	-0.0271
4:39412910:C:T	T	0.0198
1:68483900:G:A	A	-0.0196
9:13712893:C:T	T	-0.0213
18:58363010:C:A	A	-0.0193
4:186584628:G:A	A	-0.047
20:2783771:A:G	A	0.0298
14:100673213:A:G	A	-0.0209
15:41231410:G:A	A	-0.0528
6:30993533:A:G	A	-0.0188
11:2802539:G:A	A	0.0411
13:66771232:A:G	A	-0.0194
8:99408073:C:T	T	0.0278
2:175175807:T:C	T	-0.0198
10:63681642:C:T	T	0.0197
5:124735802:A:G	A	-0.0194
15:53383101:T:G	T	-0.036
12:124868778:C:T	T	-0.0197
2:37192866:C:T	T	-0.0233
4:102195448:G:A	A	0.0261
3:147226368:A:G	A	-0.0237
14:80166710:C:T	T	0.0209
16:30373233:T:C	T	-0.0221
16:63085190:T:C	T	0.0197
2:59478988:C:T	T	0.0197
9:34506303:C:T	T	-0.0265
11:2634177:G:T	T	-0.0774
7:22902126:T:C	T	0.0191
2:160899995:A:G	A	0.0282
6:79476243:G:A	A	0.019
6:19764251:A:G	A	0.0504
15:67339185:G:A	A	0.0187
11:45403436:A:G	A	-0.0302
3:188070292:C:T	T	-0.0353
2:153573528:C:T	T	0.0199
1:26919414:C:T	T	0.0195
10:93390149:C:T	T	0.0424
12:124526036:G:A	A	0.0394
8:34113195:C:T	T	-0.0277
4:103424193:A:G	A	0.0187
1:72387666:G:A	A	-0.0287
7:23382980:G:A	A	0.0356
6:32625824:C:T	T	0.0756
17:75386909:A:G	A	-0.0209
3:135514304:T:C	T	-0.0294
4:15051602:T:G	T	0.0187
4:47695737:C:T	T	-0.0242
9:139426076:C:T	T	-0.0434
7:71603027:G:A	A	-0.0236
22:31561022:G:A	A	0.0205
11:65899048:C:T	T	0.0505
8:37397803:T:C	T	0.0388
9:15544619:A:C	A	0.0188
3:186758583:C:A	A	0.0255
21:38446581:T:C	T	-0.0186
3:124844848:A:G	A	-0.0252
13:59387871:T:C	T	0.0243
16:2819348:C:A	A	-0.0332
3:156360118:A:G	A	0.0199
20:44650818:A:G	A	0.0187
6:32196864:A:G	A	-0.0276
22:44390366:A:G	A	-0.0213
2:149018605:G:A	A	-0.0192
7:28202746:G:A	A	0.1031
11:9599943:A:G	A	0.019
7:14942134:C:A	A	-0.0219
15:73999006:A:G	A	-0.0187
9:4294807:G:T	T	0.0744
8:12617888:A:G	A	0.019
4:130746149:A:C	A	0.0193
7:131570695:G:T	T	-0.0224
10:114958159:T:C	T	0.0241
13:80832679:G:A	A	0.025
17:18128441:T:C	T	-0.0191
10:102626510:G:T	T	0.0201
3:195819446:C:T	T	0.035
18:70846648:T:C	T	-0.5939
3:170823923:A:G	A	0.0193
8:121061879:G:A	A	0.0197
11:117690543:A:C	A	-0.0364
18:53123031:T:G	T	-0.0245
5:52062282:G:A	A	-0.0295
1:25695835:G:A	A	0.0257
17:44101563:T:C	T	-0.0231
10:93968609:T:C	T	-0.0498
12:56260496:G:A	A	0.5018
7:128433165:C:T	T	0.0295
10:118895368:C:T	T	0.0247
20:60886987:G:A	A	0.0446
5:151311012:T:C	T	0.0193
4:1731279:C:T	T	0.0276
12:116954410:G:A	A	-0.0185
3:57709777:T:C	T	0.0185
13:81504359:C:T	T	0.0266
6:40325586:T:C	T	0.0186
9:14002263:G:A	A	-0.0213
3:183594958:T:C	T	0.0185
18:55322502:C:T	T	-0.0284
9:28450213:G:A	A	0.0268
18:4434854:C:T	T	0.2829
9:20187462:G:A	A	-0.0192
5:78710606:C:T	T	0.0314
8:118293451:G:T	T	-0.0214
11:9024460:T:C	T	-0.0186
6:39070211:G:A	A	0.0462
6:120321659:A:G	A	-0.0193
4:45086529:A:C	A	-0.0272
3:89286083:G:T	T	-0.0235
19:49164952:A:G	A	0.0197
3:128103714:G:A	A	-0.0442
11:125071751:T:C	T	0.0186
19:12780179:G:A	A	0.0341
7:156760400:A:G	A	-0.0188
3:82616824:C:T	T	0.0211
3:184515501:T:G	T	0.0257
11:83066049:T:C	T	-0.0477
2:142547537:C:T	T	0.0185
9:96699289:A:G	A	-0.0188
15:77734471:A:G	A	0.0478
17:80593792:C:T	T	0.029
17:80683980:C:T	T	0.0205
7:55990661:T:C	T	-0.0403
2:618902:G:T	T	0.0191
6:51414006:T:C	T	-0.0991
11:64148420:G:A	A	0.0246
3:135771903:T:C	T	0.0205
17:46844564:C:T	T	0.0408
6:7328008:A:G	A	-0.0247
6:34296061:C:T	T	-0.053
18:57949855:C:T	T	-0.0233
8:38351310:G:A	A	-0.0187
12:4268844:G:A	A	0.0235
4:185766498:G:A	A	-0.0212
20:21803581:G:A	A	0.0191
20:50153344:T:C	T	0.0192
9:116941266:T:C	T	-0.0201
11:57837102:C:T	T	0.0231
7:13880786:T:C	T	-0.0219
2:43897580:T:C	T	-0.0372
10:89997570:C:T	T	-0.0242
18:60978586:G:T	T	0.0323
6:32556461:T:G	T	-0.067
10:80484803:C:T	T	-0.0563
6:55010499:C:T	T	0.0194
1:213705165:T:C	T	0.0215
11:30341169:C:A	A	0.048
5:149857460:C:T	T	0.0361
1:38609197:A:G	A	0.0262
3:89573786:T:C	T	-0.0299
19:39462489:A:C	A	-0.0443
5:46404548:A:G	A	0.0205
15:90340719:G:A	A	0.0193
16:56529365:G:T	T	-0.0244
11:92719681:C:T	T	-0.0267
15:76638161:C:T	T	0.0183
1:73091520:C:T	T	-0.0207
9:3895399:T:G	T	-0.0233
1:204551830:T:C	T	0.0238
11:68798901:G:A	A	-0.0217
10:94554636:C:T	T	0.0289
10:126954336:A:G	A	-0.0215
1:16115881:C:T	T	0.0558
8:143090611:G:T	T	-0.0345
5:45871550:C:A	A	0.0214
1:84401211:G:A	A	0.0196
8:145542316:G:A	A	-0.0331
2:188701441:A:C	A	-0.0189
9:136166346:C:T	T	-0.0235
11:133225805:G:A	A	-0.0265
8:144508768:C:T	T	0.019
7:12085284:A:G	A	0.0253
8:11079437:A:G	A	0.0333
5:87034352:G:A	A	0.0204
3:53740717:A:G	A	0.0192
11:100572709:T:C	T	0.0491
17:76121864:A:G	A	-0.023
6:109737703:G:A	A	-0.021
20:30900714:G:T	T	0.0278
12:38930471:C:T	T	-0.0342
10:43459204:T:C	T	-0.019
2:198246625:T:G	T	0.0236
11:128507066:A:G	A	-0.0193
8:64835981:T:C	T	0.0183
10:14696000:C:T	T	-0.0293
20:50486304:G:A	A	-0.0378
20:31270817:C:T	T	-0.0194
18:73495055:T:C	T	-0.0192
6:26589359:A:G	A	-0.0284
8:32423638:A:G	A	0.0206
19:46157883:C:T	T	-0.0374
11:28683234:C:A	A	0.0218
9:34077935:C:T	T	-0.0186
13:94713395:T:C	T	-0.0276
22:50463055:T:C	T	0.0356
6:23443237:A:G	A	-0.0213
9:34213370:A:G	A	-0.0562
1:150482255:A:G	A	0.0262
8:30288272:T:C	T	-0.0184
7:72772244:T:C	T	0.0455
20:57027187:C:T	T	-0.0196
15:66371850:C:T	T	-0.0195
2:59619185:T:C	T	-0.0441
2:121516341:C:T	T	-0.0257
7:157452409:C:A	A	-0.0202
8:118030275:T:G	T	0.0395
21:16353809:A:C	A	-0.0308
10:91407829:A:G	A	-0.0184
7:44143341:A:G	A	-0.0208
20:33889677:C:T	T	0.0376
10:71341582:C:T	T	-0.0343
8:12516132:C:T	T	0.022
1:92055995:C:T	T	-0.0195
8:12794278:A:G	A	0.0241
11:121940411:A:G	A	-0.0183
9:97942031:T:C	T	-0.0318
6:50602212:C:T	T	0.0232
1:41851415:C:T	T	0.0184
1:190356131:C:T	T	0.023
20:36841914:G:A	A	-0.0182
9:126451986:C:T	T	0.0497
11:75897374:T:C	T	0.0193
11:26279145:T:C	T	-0.0339
22:30592808:C:A	A	0.056
2:230641763:T:C	T	-0.02
7:130370756:G:T	T	-0.0383
12:124348065:C:T	T	0.0342
9:1052722:G:T	T	0.0193
14:33272651:G:A	A	0.0565
1:220324189:A:G	A	0.0324
8:41530532:G:A	A	-0.0519
15:49716478:C:T	T	0.0424
1:229545573:A:G	A	0.0193
3:28746527:C:T	T	-0.0211
1:51849272:C:T	T	-0.0324
7:101966861:A:G	A	0.0369
12:68095596:A:C	A	-0.3906
13:26690176:G:A	A	-0.0635
3:48763656:G:A	A	0.0323
6:137672129:C:T	T	-0.0224
22:20052481:C:A	A	-0.0202
8:90902053:T:C	T	0.0198
4:36369236:G:A	A	-0.0182
12:4508002:T:C	T	-0.0256
7:142604186:T:G	T	-0.0349
3:180798451:C:T	T	0.0421
15:73631288:G:A	A	-0.0338
6:27448089:T:C	T	-0.067
9:81393453:G:A	A	0.0188
3:42316306:C:A	A	0.0293
15:83597581:C:T	T	0.0553
16:55401096:G:A	A	0.021
11:46804761:C:T	T	-0.03
1:103214274:G:A	A	0.0187
6:39146130:G:A	A	-0.0206
12:20272674:G:A	A	0.091
22:48386670:C:T	T	-0.0186
1:81837879:G:T	T	-0.0205
2:104934880:A:G	A	-0.0345
16:1265600:G:A	A	-0.0277
1:171454777:C:T	T	-0.0245
2:48679815:A:C	A	-0.0254
12:123994669:A:G	A	0.0227
1:40151668:A:G	A	-0.0235
11:8356996:C:T	T	0.0396
5:24037074:G:T	T	-0.0182
16:142714:C:T	T	-0.0529
18:57864141:G:T	T	-0.0287
22:21926456:A:G	A	-0.0187
1:71815519:T:C	T	0.0187
2:67784998:A:G	A	0.0207
8:62117973:G:A	A	0.0231
15:74723318:T:C	T	0.0386
11:69045735:A:G	A	0.0184
10:104532573:C:T	T	-0.0799
8:100924542:T:C	T	-0.5163
6:51226900:G:T	T	-0.0216
12:103036915:A:G	A	0.0385
11:118801440:C:T	T	-0.0303
11:48143879:G:A	A	-0.025
2:27354419:C:T	T	0.0249
5:93166521:G:A	A	0.0587
16:88151971:T:C	T	-0.0196
20:39985847:T:C	T	-0.0229
11:2453776:G:A	A	-0.0293
3:90415193:G:T	T	-0.0206
1:28736916:G:A	A	0.0184
9:14460372:G:T	T	-0.0194
12:26323322:G:A	A	0.041
1:179233083:A:G	A	0.0364
3:86497852:G:A	A	0.0312
16:4358112:A:G	A	0.0258
4:68550295:T:C	T	-0.0243
2:228926277:C:T	T	-0.0219
8:116934158:G:T	T	0.0245
17:42615552:A:G	A	-0.0187
9:33617556:G:A	A	-0.0313
3:93587891:C:T	T	0.0497
9:95565979:G:A	A	0.0246
9:97417720:G:A	A	-0.0371
18:39810484:G:A	A	0.0353
6:33767727:G:A	A	-0.023
3:188058054:A:G	A	-0.025
6:137437392:C:T	T	-0.0406
8:10390320:C:T	T	0.0208
15:72573076:C:T	T	0.0524
12:4152005:C:T	T	0.0268
1:51777748:A:G	A	0.0289
4:16891528:T:G	T	0.0206
7:102389012:T:C	T	-0.032
6:39339561:G:A	A	0.0192
3:12841804:A:G	A	0.0188
13:95239158:A:C	A	0.0188
10:114924428:C:T	T	0.0235
7:103108773:C:T	T	-0.0406
16:15610263:T:C	T	-0.0202
5:94197477:T:C	T	-0.0212
7:121950965:A:G	A	0.0184
12:62927072:T:G	T	-0.0283
1:99924757:A:C	A	0.0343
5:50070261:G:T	T	0.0309
13:56774644:A:G	A	0.0182
5:72027242:G:A	A	0.0257
9:28485668:T:G	T	0.0357
5:60551197:G:A	A	0.0446
16:4168190:A:G	A	-0.0188
3:186697683:A:G	A	0.0229
17:45537441:A:G	A	0.0359
14:60281190:C:A	A	0.0259
6:18497348:C:T	T	0.0381
12:95627144:G:A	A	0.0363
1:208700733:C:T	T	-0.0195
2:60779478:A:C	A	-0.0198
19:871033:G:A	A	-0.0286
8:85084345:A:C	A	-0.0211
6:110024316:C:A	A	-0.0489
6:31031872:A:C	A	-0.0692
7:12921729:G:T	T	0.4595
3:90273771:T:C	T	-0.049
3:186627781:C:T	T	0.0182
17:71750687:C:T	T	0.0247
3:125127132:T:C	T	0.0181
7:44586578:T:C	T	0.0306
15:81061697:T:G	T	0.0197
1:67010654:A:C	A	-0.0182
9:139265801:C:T	T	-0.0728
10:124230397:A:G	A	-0.0296
22:43164277:T:C	T	-0.0313
1:96133703:T:C	T	-0.0329
17:46093539:C:T	T	0.0195
13:80772435:C:T	T	0.0272
17:42664697:G:A	A	-0.0242
16:49358944:A:G	A	0.0277
19:10414450:G:A	A	-0.0189
5:116732988:C:T	T	0.0181
4:6342764:G:A	A	-0.0221
2:48642635:T:C	T	0.0386
20:57304273:C:T	T	-0.0186
11:43851308:G:T	T	-0.0265
12:54043140:G:A	A	0.0245
4:55366260:A:C	A	-0.0181
6:161677634:C:T	T	0.02
8:22564999:C:T	T	-0.0184
5:13069765:C:T	T	0.0182
18:20263758:T:G	T	-0.0371
3:88643136:C:T	T	0.0181
1:103783365:A:C	A	0.0243
5:106196349:C:A	A	-0.0181
3:67117874:C:T	T	0.0327
13:50563447:C:T	T	-0.0208
4:84919397:A:C	A	-0.3907
5:157578526:C:T	T	-0.0209
2:22558973:G:A	A	0.0185
5:10547032:A:G	A	-0.0212
2:100795329:T:C	T	0.0212
6:51142230:T:C	T	-0.0536
2:185207659:T:G	T	-0.0249
6:143015234:G:A	A	0.0244
5:59161352:C:T	T	-0.0229
5:54571238:G:A	A	0.0184
10:94502244:T:C	T	0.0183
2:179687519:C:T	T	-0.0181
17:48644537:G:A	A	0.0182
19:7710335:C:T	T	0.0753
8:132749316:A:C	A	-0.0281
3:186699037:G:A	A	-0.0204
15:51754451:T:C	T	0.0182
5:158274584:G:A	A	-0.0233
6:114184248:T:C	T	0.0281
6:43736389:A:C	A	-0.0185
12:296582:A:G	A	-0.0185
6:34034441:A:G	A	0.0193
2:59852603:A:G	A	0.022
1:16787010:C:T	T	0.0401
22:38457716:C:T	T	-0.0419
10:74252450:G:T	T	0.0362
2:133577404:T:C	T	-0.0219
16:88515576:C:A	A	-0.02
3:88367906:C:T	T	0.0182
16:31131174:G:A	A	-0.021
4:153025603:C:A	A	-0.0346
3:180991746:A:C	A	-0.0185
3:149296419:A:C	A	-0.0342
3:115130624:G:A	A	0.0259
3:61249760:T:C	T	0.0246
15:76320267:G:A	A	0.0591
9:126079950:G:T	T	-0.0254
4:44955488:A:G	A	-0.0198
6:32683653:G:A	A	0.0185
1:100000012:G:T	T	-0.0206
11:133184342:T:C	T	0.0181
10:124064829:A:G	A	0.0179
2:40654205:G:T	T	0.0329
9:128078896:G:A	A	-0.0179
13:67804232:A:C	A	-0.0181
7:12921437:T:G	T	-0.4559
5:180224259:G:A	A	-0.0291
6:143140093:A:G	A	0.0401
5:133887780:G:A	A	0.0248
6:20769065:G:A	A	-0.0441
14:48137514:A:C	A	0.0186
3:46986452:C:T	T	0.0359
12:249007:G:A	A	-0.0314
21:47552527:G:A	A	0.0396
13:81276719:A:G	A	0.0382
2:32502495:T:C	T	0.019
20:12401325:C:A	A	0.0206
22:21366634:A:G	A	0.0219
22:31994406:C:A	A	0.0213
6:79853605:A:G	A	0.0179
5:54887522:G:T	T	0.0272
5:14647805:A:G	A	0.0287
6:30254253:A:C	A	0.0615
11:2615196:C:T	T	-0.1167
10:93581286:G:A	A	-0.0518
6:19824025:C:T	T	-0.0192
6:15478336:C:T	T	0.0252
5:137140297:G:A	A	0.0182
20:1893809:G:A	A	0.0185
11:32346397:T:C	T	-0.041
1:185552348:G:A	A	-0.0219
10:26322783:T:C	T	0.0258
17:36045798:A:G	A	0.0656
1:196080988:A:G	A	0.018
4:147119111:A:C	A	-0.019
4:78397202:G:T	T	0.2508
6:55877775:A:G	A	-0.0365
10:46012546:A:G	A	0.0205
5:136466764:C:A	A	-0.0179
6:24089780:G:A	A	0.0191
7:73449246:C:A	A	0.0338
7:147023663:T:C	T	0.0195
18:13570381:G:A	A	0.0221
3:94362594:G:A	A	0.0386
4:178910307:T:C	T	-0.0185
3:170652391:A:G	A	0.0446
11:132177633:A:C	A	0.024
17:77891369:G:T	T	-0.0255
4:42372312:G:T	T	-0.0182
7:24377522:G:A	A	0.0211
12:124795283:G:A	A	0.0492
7:50577968:T:C	T	-0.0198
12:4098508:A:C	A	-0.0228
4:2861090:G:A	A	0.0231
3:57124518:C:T	T	0.018
6:32522795:C:A	A	0.0626
5:14701003:C:T	T	0.036
10:100421841:A:G	A	-0.0238
7:69346274:G:A	A	0.0916
2:112943070:C:T	T	-0.0205
9:84258007:T:C	T	-0.0199
18:1887362:T:C	T	-0.018
11:1539387:C:A	A	-0.0202
2:206972042:G:A	A	0.0419
17:7740170:T:C	T	0.0341
3:37258835:G:A	A	-0.0179
13:23131835:A:C	A	0.0227
3:12491376:A:G	A	0.0467
9:81413069:T:C	T	0.0222
20:5303463:A:G	A	-0.0234
15:49749735:C:T	T	0.0182
1:219568893:C:T	T	-0.0214
11:113487585:C:T	T	0.0348
4:119335666:A:G	A	-0.672
3:77621749:G:A	A	0.027
5:59398807:A:C	A	0.0241
12:71626216:T:C	T	0.0373
18:57836465:C:T	T	-0.0273
20:51617164:T:G	T	0.0178
9:33646299:G:T	T	0.063
5:14810203:G:A	A	-0.0433
11:27885995:C:T	T	0.0606
11:61629377:C:T	T	-0.0272
11:43907074:G:A	A	-0.0188
5:102431490:T:C	T	-0.0424
10:93711787:A:G	A	0.0476
9:33619946:C:T	T	-0.0179
7:103321342:G:T	T	-0.0481
3:66846095:G:A	A	0.0358
7:25892277:C:T	T	0.0275
1:51282978:G:A	A	0.0295
4:45501683:G:A	A	0.0328
2:100497843:C:T	T	-0.0194
6:117053071:G:A	A	0.0195
3:35913637:C:T	T	0.0191
11:3454316:G:T	T	-0.0403
2:166531480:C:T	T	0.0179
22:33962454:C:T	T	0.0185
5:75225918:T:C	T	0.0339
5:139653208:G:A	A	-0.0215
2:248037:A:G	A	0.0193
1:97788637:G:A	A	0.0812
6:30993958:A:G	A	-0.0244
5:78311315:T:C	T	-0.0196
7:147675417:C:A	A	-0.0188
9:16715826:T:C	T	0.0187
14:25882546:G:A	A	-0.0177
2:111950594:A:C	A	0.0178
12:4328148:C:T	T	-0.0263
14:51435643:A:G	A	0.0187
6:7011314:C:T	T	-0.0181
4:568338:C:A	A	-0.0201
2:50256512:G:T	T	-0.0242
5:151314482:G:A	A	0.0425
9:86552049:C:T	T	-0.0201
2:112776979:C:A	A	-0.0195
7:12832672:G:A	A	0.457
2:120268586:C:A	A	0.0207
8:12577657:C:T	T	-0.0203
5:55827264:T:C	T	0.0348
1:21989973:C:T	T	0.0265
6:43832841:G:A	A	-0.0232
7:28719652:C:T	T	0.0763
9:14236134:T:C	T	0.0185
1:213181916:T:C	T	-0.0197
12:57146069:T:G	T	-0.0287
11:69399848:C:T	T	-0.0204
6:43709785:C:T	T	0.0178
9:20720599:A:C	A	-0.0295
2:148928049:C:A	A	0.0278
7:11135909:A:G	A	-0.0185
1:207983745:A:C	A	0.0222
15:77522235:G:A	A	-0.0406
16:52479060:A:C	A	-0.0206
4:86852539:T:C	T	-0.0179
6:137110205:G:A	A	-0.0475
12:1172337:A:G	A	0.0199
3:52607511:C:T	T	0.0258
9:140031001:C:T	T	0.0191
20:41965936:T:C	T	0.0264
8:116597698:G:A	A	-0.0413
12:43059949:G:A	A	-0.0267
10:114867284:C:T	T	0.0786
6:26124634:C:T	T	0.0219
6:128792878:T:C	T	0.0385
7:117102085:A:G	A	0.0187
1:9499246:G:A	A	0.0238
2:158781237:C:A	A	0.0239
20:55836040:G:A	A	-0.0207
22:40593320:G:A	A	0.0253
3:89028133:C:T	T	-0.0289
1:201733944:G:A	A	-0.019
3:89000803:A:G	A	-0.051
11:84827489:C:A	A	-0.0183
19:19130750:G:A	A	0.0468
1:71413382:G:T	T	-0.0177
11:66704928:T:C	T	0.0489
1:39557772:T:C	T	-0.0199
1:144871829:C:T	T	0.0731
17:45210873:A:G	A	-0.018
5:55853436:G:A	A	-0.0179
7:106243554:A:G	A	-0.0227
6:41012405:A:G	A	-0.0205
7:112823086:G:A	A	0.0179
13:40783323:C:T	T	0.0188
16:4814732:G:A	A	0.0505
6:82135550:C:T	T	-0.0176
1:215499850:C:T	T	-0.0238
17:4060383:G:A	A	0.046
16:6112416:A:G	A	0.018
17:65770575:G:T	T	0.0181
7:127492440:C:T	T	-0.0279
4:185704434:G:A	A	0.042
13:59953466:G:A	A	0.0192
5:167114688:T:C	T	-1.2619
18:44266499:T:C	T	0.02
11:72445314:T:C	T	-0.0297
6:14070970:G:A	A	0.0178
2:118838410:A:C	A	-0.0318
4:151432767:C:T	T	0.0176
9:22177071:A:C	A	-0.049
11:92979065:A:C	A	-0.0176
22:30189642:C:T	T	0.0496
2:26159940:T:C	T	-0.0222
12:4530737:C:T	T	-0.0212
4:6316188:A:C	A	0.0567
3:186130306:C:T	T	0.0252
12:125549854:G:A	A	-0.0182
1:31567131:C:T	T	0.0189
7:94742832:A:G	A	0.019
11:2751979:G:T	T	-0.0286
6:20417976:G:T	T	-0.0176
6:29434706:C:T	T	0.0607
4:119377303:G:A	A	0.6804
20:62447662:T:C	T	0.022
5:118683065:T:C	T	0.0187
2:221332268:T:C	T	0.0231
2:161148462:A:G	A	0.0617
18:70844289:G:T	T	0.558
6:126290265:A:G	A	-0.0177
21:46487730:T:C	T	0.038
2:105962339:G:A	A	0.0267
19:8565131:A:G	A	0.0323
11:2766282:G:A	A	-0.0295
8:41500461:C:T	T	-0.0625
10:93458105:G:A	A	0.0346
2:120067639:C:T	T	-0.0178
19:45394211:C:T	T	0.0297
5:74865587:G:A	A	0.0264
3:170352985:A:G	A	-0.0256
1:214228081:G:A	A	0.0406
15:99321747:T:C	T	-0.025
1:183388259:T:C	T	-0.0176
19:48362339:G:A	A	0.4242
16:88353016:G:A	A	0.0398
6:100596894:T:C	T	-0.0219
14:103588515:C:T	T	-0.0182
2:154741450:G:A	A	0.0338
2:165205260:C:T	T	0.0187
3:131592968:T:G	T	0.0296
18:56092251:G:A	A	0.6183
7:69611407:C:T	T	0.0783
12:66185090:T:C	T	0.0236
14:35367135:T:C	T	-0.0219
19:1943717:G:A	A	-0.0712
16:53850170:A:G	A	0.0207
2:58712420:T:C	T	0.0462
16:69779974:G:A	A	-0.0544
9:130614905:T:C	T	-0.0299
15:57741610:A:G	A	0.0201
12:70055724:T:C	T	-0.0201
10:34019293:C:T	T	0.0319
6:30087605:C:T	T	0.0611
13:36098929:G:A	A	-0.0184
13:40664576:G:A	A	0.0222
12:121487800:T:C	T	-0.0635
6:76104573:G:A	A	0.0258
1:97400169:A:G	A	-0.0177
5:38616887:A:C	A	-0.0196
13:92878656:T:C	T	0.0202
11:92712544:T:C	T	0.0382
16:54150978:A:G	A	0.0177
11:116698332:C:T	T	-0.0226
9:20794271:G:A	A	-0.0407
7:151403505:T:G	T	0.0193
3:114327437:T:C	T	0.0322
5:9381464:G:A	A	-0.0324
8:145776355:G:A	A	-0.0468
2:55247477:T:C	T	0.0175
2:111854671:A:G	A	0.0179
12:102821155:C:A	A	0.0203
18:52855738:A:G	A	-0.0204
10:71399516:C:T	T	0.0392
3:32800118:G:A	A	0.8418
7:73869029:C:T	T	-0.0181
3:128133108:G:T	T	0.0178
16:66475803:A:G	A	-0.0186
1:214224428:T:C	T	-0.0292
5:141795133:T:C	T	0.0201
11:2750484:C:T	T	0.018
18:20635678:C:A	A	0.0332
14:79643268:G:T	T	-0.0198
2:206055898:C:T	T	-0.0182
3:196996730:G:A	A	0.0246
12:120588852:A:G	A	0.0205
3:170672982:G:A	A	-0.0413
4:6287033:A:G	A	-0.0362
1:109725710:T:G	T	-0.0376
3:73358567:C:T	T	0.0203
8:13452449:T:C	T	-0.0209
10:113511065:C:T	T	0.0825
1:92025262:A:G	A	0.0248
6:72717376:G:A	A	0.0292
16:29950820:C:T	T	-0.0369
6:24855236:A:G	A	-0.0227
1:210436110:G:A	A	-0.0196
20:18567563:C:T	T	0.0261
15:35907093:G:A	A	0.0264
1:92505309:C:T	T	0.0347
17:66236733:A:G	A	0.0274
1:46643093:A:G	A	0.0242
4:6262592:T:C	T	-0.0411
10:70602856:G:A	A	-0.0178
21:26693777:G:A	A	-0.0177
5:78276474:A:G	A	0.0177
14:92143099:G:A	A	0.0334
2:104987135:A:G	A	-0.0209
9:628973:A:G	A	0.0233
2:163622718:G:A	A	-0.0189
20:40527068:A:C	A	-0.021
12:26095571:G:T	T	0.021
2:65396630:G:A	A	-0.0457
15:50007348:A:C	A	-0.0248
2:43203447:G:A	A	-0.0334
18:74550860:C:T	T	0.0489
16:72035359:T:C	T	0.0174
8:10877258:C:A	A	0.0189
10:93641757:T:C	T	0.0176
12:121704150:G:A	A	-0.03
7:148468028:C:T	T	0.0198
11:27211241:A:G	A	0.0238
19:1033410:G:A	A	0.0221
21:47732304:C:T	T	0.0351
8:72405673:T:C	T	-0.0189
1:92195086:G:A	A	0.0307
15:83954584:A:G	A	0.0195
17:4725920:T:C	T	-0.0207
2:44114074:G:A	A	0.0182
13:113365480:G:A	A	0.0322
20:60057280:G:A	A	-0.0198
5:62764577:A:C	A	-0.0212
14:69416967:T:C	T	-0.0187
15:67770306:A:C	A	-0.0175
16:54490811:T:C	T	-0.0177
3:124554130:C:A	A	0.0232
17:66584280:G:A	A	0.0218
8:9056151:G:T	T	-0.0194
19:7958057:A:G	A	-0.0477
13:36944732:G:A	A	0.0194
7:114538213:G:T	T	0.0279
16:53850079:G:A	A	-0.0192
6:110015323:A:G	A	0.0184
4:71831689:C:T	T	0.043
11:27643725:C:T	T	-0.0226
5:81069494:T:C	T	0.0175
14:23837354:T:G	T	-0.0286
8:129607823:T:C	T	-0.0214
6:128857020:C:T	T	0.0562
5:141765951:T:C	T	-0.0194
16:88232124:A:C	A	0.0187
6:15565031:T:C	T	0.0175
7:41854681:G:A	A	-0.0179
5:112302332:G:A	A	0.0175
14:45257781:G:A	A	0.0537
11:54744873:A:G	A	-0.03
14:53851806:G:T	T	-0.0173
7:40905274:G:A	A	0.0277
8:59156411:A:C	A	0.0254
19:21778026:C:T	T	0.021
4:119325702:G:A	A	0.6377
5:133976554:C:T	T	-0.0189
14:82674847:G:T	T	0.0194
6:34906168:T:C	T	0.0239
8:143495927:T:C	T	-0.0232
5:124485480:C:T	T	-0.0174
11:67617450:G:A	A	-0.0324
16:81049976:G:A	A	0.025
12:39190664:C:T	T	0.0341
3:77452562:A:G	A	-0.0174
6:151564453:T:C	T	-0.0178
9:98276753:C:T	T	-0.0184
9:140084753:A:G	A	0.0209
3:64662364:G:T	T	0.0182
11:65837599:C:T	T	-0.0195
5:86130997:C:T	T	0.0214
12:48974359:G:A	A	-0.04
3:152749037:A:G	A	-0.0179
6:124936110:G:A	A	0.0239
15:83394553:G:A	A	0.0187
1:3021108:G:A	A	-0.0302
2:165482204:A:C	A	-0.032
10:103068730:A:G	A	0.0173
15:91443992:G:A	A	-0.0192
10:90658059:T:C	T	0.0193
6:64192681:C:A	A	-0.0176
1:20642930:G:A	A	-0.0432
5:55921051:T:C	T	-0.0225
11:16437308:G:A	A	-0.0267
1:208731103:C:T	T	0.4398
7:150800485:G:A	A	-0.0175
8:25935636:G:A	A	-0.0181
7:104598750:T:C	T	-0.0177
5:143550463:G:T	T	0.101
3:187764218:G:A	A	0.0242
13:32539696:A:G	A	-0.4274
17:39236677:C:A	A	0.0504
13:57112724:G:T	T	-0.0178
6:56264727:T:C	T	0.0174
15:42269584:T:C	T	0.0184
3:61172952:A:C	A	-0.0357
14:61046687:G:A	A	-0.0327
5:166417375:T:C	T	-0.0178
2:44534321:C:A	A	0.0178
11:91952544:A:G	A	0.0206
15:43604422:C:T	T	-0.0212
13:60519108:C:T	T	-0.0187
1:243584345:G:A	A	-0.0254
1:241603554:A:G	A	-0.0199
2:70371906:A:G	A	-0.0372
4:119402050:T:C	T	-0.0291
12:9048474:T:C	T	0.0534
8:146142633:C:T	T	0.034
10:104375405:T:G	T	-0.074
19:1990309:T:C	T	0.018
14:102780716:G:T	T	0.0385
10:104853290:A:G	A	0.0393
12:54424872:T:C	T	0.0179
16:65108059:T:G	T	0.0331
11:56843652:G:T	T	-0.0229
6:109222017:G:A	A	0.0204
6:29707890:T:C	T	-0.0526
8:10860265:G:A	A	0.0346
1:20725924:C:T	T	0.0457
5:43753995:A:C	A	0.0484
2:61780155:G:A	A	0.0247
3:150529952:A:G	A	-0.0557
8:11367357:T:C	T	-0.0545
1:219898404:C:T	T	-0.0353
3:169199010:A:G	A	0.0174
7:45116468:C:A	A	0.0206
20:43150309:G:A	A	0.0418
4:73408978:T:G	T	-0.6282
6:44899632:T:C	T	-0.0172
1:46260329:C:A	A	-0.0393
19:20263708:A:G	A	-0.047
4:119350450:A:C	A	-0.6681
7:111960866:A:G	A	-0.0206
7:24193490:A:C	A	0.0171
3:107710476:A:C	A	-0.0378
8:11845324:T:G	T	-0.0436
15:77872052:C:T	T	0.0401
5:42695471:G:A	A	-0.0192
5:66972819:C:A	A	-0.0574
5:51709192:T:C	T	0.029
1:92795104:C:T	T	0.0215
8:87617188:T:C	T	-0.0194
10:43454510:G:A	A	-0.0425
1:91471041:A:G	A	0.0185
17:72773794:C:A	A	-0.0294
8:59971599:G:T	T	-0.0177
3:48994943:G:A	A	-0.0261
6:53408883:C:T	T	0.0249
3:184766203:A:G	A	0.0361
12:12632739:T:G	T	0.0173
12:90547902:C:A	A	0.0193
2:26965682:C:T	T	0.0477
5:51913028:G:T	T	-0.0212
6:40411425:G:T	T	-0.0217
7:72181128:C:T	T	-0.043
4:112181073:G:T	T	0.021
3:64938050:A:G	A	0.0261
1:39315284:C:T	T	0.0241
4:157709516:G:A	A	0.0323
8:97239118:C:A	A	0.233
8:11666337:A:G	A	0.0305
11:30169761:C:A	A	-0.0181
16:1473246:C:T	T	-0.0177
21:41990749:A:G	A	-0.0187
3:181301161:A:G	A	-0.0263
12:114085798:C:T	T	-0.0184
13:80324928:T:C	T	-0.0311
17:43001426:A:C	A	-0.0207
3:195650120:G:A	A	-0.0281
4:119347752:G:A	A	0.6613
11:130786748:A:C	A	-0.0447
5:50343363:T:G	T	-0.0355
2:59946868:C:T	T	0.0215
11:2886407:C:T	T	-0.0578
16:29846729:C:A	A	0.0257
18:60904071:C:T	T	0.0586
17:28943189:C:A	A	-0.0751
8:62639717:C:T	T	0.0172
13:74106131:G:A	A	0.0175
11:2194390:G:A	A	-0.0254
2:30878707:G:A	A	0.018
2:112935112:A:G	A	-0.0301
4:90133832:C:T	T	0.63
19:12236594:C:T	T	-0.0394
8:59318143:A:G	A	-0.0178
12:51813743:T:G	T	0.0173
16:56408202:C:T	T	0.044
6:53130285:C:T	T	0.0172
5:36349676:C:T	T	0.0545
22:32305971:T:C	T	-0.0189
19:32573127:A:C	A	-0.0189
1:86906114:T:C	T	-0.0174
7:68887851:C:T	T	0.0199
6:31326027:A:C	A	0.0261
6:138586320:A:G	A	-0.0193
4:144439676:T:C	T	0.0214
12:123303586:A:G	A	0.0176
10:5416421:G:A	A	-0.0271
7:83740015:T:C	T	-0.019
13:28029896:G:A	A	-0.0212
3:122884799:G:A	A	-0.0367
9:22576908:C:T	T	-0.0529
5:52796070:G:A	A	0.0498
3:122056432:C:T	T	-0.0173
10:12304195:C:T	T	-0.031
12:124826462:C:T	T	-0.0236
1:27004388:G:A	A	0.0308
3:49930316:C:T	T	0.0275
15:82543448:G:A	A	-0.0345
5:107813669:T:C	T	-0.0221
17:36183515:G:A	A	0.026
6:100226515:G:A	A	0.0236
13:50948616:C:T	T	-0.0445
3:12864518:A:G	A	0.0173
19:53074662:G:A	A	-0.0405
18:60817266:G:A	A	-0.0213
2:121308660:G:T	T	0.0202
11:57078954:C:T	T	0.0172
22:40166610:G:A	A	0.0177
4:126384905:A:C	A	-0.0173
4:119310762:A:G	A	-0.6449
5:74734312:C:T	T	-0.0486
8:126630159:C:T	T	0.0191
7:130051622:C:T	T	-0.0419
9:22734458:A:G	A	0.0457
17:17410053:A:G	A	0.0248
19:41214796:T:C	T	0.0171
19:661781:T:C	T	0.0187
4:19826390:G:T	T	-0.0187
16:12632626:G:A	A	0.0223
10:12689399:C:T	T	-0.0301
6:34562677:T:G	T	0.0329
17:44762589:G:A	A	0.0221
4:90138303:A:G	A	-0.6259
2:16094717:A:C	A	-0.0186
2:229227803:C:T	T	-0.0201
2:85510965:A:G	A	0.0176
1:147076255:G:T	T	-0.0266
3:173710695:C:T	T	-0.0196
9:16548197:G:A	A	-0.0393
18:56606109:C:T	T	-0.0263
13:89213194:T:C	T	0.0173
14:30764831:C:T	T	0.0192
18:70213730:T:C	T	0.0235
11:46991207:G:A	A	0.0494
4:3527046:C:T	T	0.0784
14:48001395:A:G	A	0.0288
4:119333984:T:G	T	-0.6458
13:27032371:A:G	A	0.0191
4:119333344:G:A	A	0.6457
19:15307355:T:G	T	-0.0198
17:7580941:C:T	T	0.2978
7:103630651:C:T	T	0.0179
9:111968623:T:C	T	0.0172
6:111617796:T:C	T	0.0229
6:74278319:G:T	T	-0.0497
11:113268059:G:A	A	-0.017
17:65766704:C:A	A	0.0237
4:119328463:C:T	T	0.6453
4:119324022:T:G	T	-0.6453
5:122649290:C:T	T	-0.0187
20:48884531:T:C	T	0.0176
7:2111636:G:A	A	0.0178
6:80767811:T:C	T	-0.017
6:32646969:C:T	T	0.0506
6:30690169:G:A	A	-0.0706
8:126518027:T:C	T	-0.018
1:39593999:T:C	T	-0.0335
7:106690525:C:T	T	0.0171
10:104252577:A:C	A	0.0407
18:4805700:T:G	T	-0.0211
10:99337080:G:A	A	0.0222
19:7827739:G:A	A	0.0394
1:229699167:G:A	A	0.0417
1:214285369:T:C	T	-0.0553
11:63883215:C:T	T	-0.0236
12:59284551:G:T	T	0.3219
7:97920623:A:G	A	-0.0224
13:41849721:C:T	T	0.0201
11:46618054:C:T	T	0.0481
11:128535745:C:T	T	0.0477
4:90148670:G:T	T	0.7191
5:53557610:C:T	T	-0.0694
18:60244856:A:G	A	-0.0264
11:16520587:T:C	T	0.0255
4:145858473:A:G	A	-0.0172
20:20069826:G:T	T	-0.0189
20:54243321:C:T	T	0.0457
14:67979557:G:A	A	0.017
15:50004512:A:G	A	0.0198
14:103919097:C:T	T	0.0253
2:197037730:G:A	A	0.0206
6:26022392:C:T	T	-0.0289
8:103077849:G:A	A	0.0172
1:155310443:C:T	T	0.0299
16:68698233:A:G	A	0.0208
11:2895238:A:G	A	-0.0192
9:29270224:G:A	A	0.0184
4:6296447:G:T	T	0.0349
15:35008335:A:G	A	-0.0172
4:119319698:T:C	T	-0.6412
1:96485694:C:A	A	0.023
7:84669669:T:C	T	-0.0187
7:15069205:G:T	T	-0.0172
4:100478924:C:T	T	-0.0196
12:122146369:A:G	A	-0.0448
9:82591127:G:A	A	-0.0178
15:41830110:T:C	T	-0.0393
11:119400817:C:T	T	-0.0188
1:213438392:G:A	A	0.0191
2:43006650:C:T	T	0.0184
7:14045247:C:T	T	-0.0266
6:109003989:C:A	A	0.0186
14:73772268:C:T	T	0.0191
2:43167622:C:A	A	0.0178
6:30992111:G:T	T	0.0328
16:11227305:G:A	A	0.0288
3:49726178:G:A	A	-0.0302
2:28284224:G:T	T	0.0438
4:119342998:T:G	T	-0.6575
12:13121062:A:G	A	0.0476
3:51557241:G:T	T	-0.0353
16:10337843:A:G	A	-0.0276
12:31481747:A:G	A	-0.0186
1:179714381:G:T	T	-0.0172
2:37046158:G:T	T	0.0178
18:53698562:T:C	T	0.0206
2:28266069:C:T	T	-0.0201
20:53466923:T:C	T	0.0335
4:71965146:C:T	T	-0.024
14:46711484:C:T	T	0.0179
10:124204345:T:C	T	-0.0495
13:94060422:G:A	A	-0.0175
3:111575913:G:A	A	0.4816
1:151115752:C:T	T	0.0236
1:205841714:C:T	T	0.0176
6:6938290:C:T	T	-0.0185
12:4271088:G:A	A	-0.072
2:21233999:T:C	T	-0.0596
6:43342591:A:G	A	0.0172
2:166396338:A:G	A	-0.0171
1:96603035:T:C	T	0.0172
5:112537964:G:A	A	0.0248
3:112949081:G:A	A	0.0238
8:10073962:T:G	T	0.0181
16:960158:C:T	T	0.1146
9:82194915:G:A	A	-0.0322
11:85105113:A:C	A	-0.0233
22:42455248:C:T	T	-0.0306
3:184876991:G:A	A	-0.0186
7:32848137:G:T	T	0.0173
2:161607018:G:A	A	-0.052
8:67195202:C:T	T	-0.0189
8:135554604:T:C	T	-0.4508
7:69829612:A:G	A	-0.646
3:48225509:T:C	T	-0.0185
5:51127985:C:T	T	-0.017
2:73530356:T:C	T	0.0222
6:28337769:G:A	A	0.0272
2:32617753:C:T	T	-0.0301
3:85906928:T:C	T	0.0181
3:80393900:T:C	T	-0.017
1:95299375:C:T	T	0.017
11:2819620:T:C	T	0.0227
2:80406980:G:A	A	0.021
5:102069125:G:A	A	-0.0189
13:59729032:G:T	T	0.0201
2:160407851:A:G	A	0.0531
5:97953719:G:T	T	0.018
10:114367828:G:A	A	0.0171
7:86258656:C:A	A	0.0202
8:124531655:G:A	A	0.0277
4:52970904:C:T	T	0.0234
6:32884757:A:G	A	-0.0279
11:2777192:C:T	T	-0.023
15:60938816:C:A	A	0.0172
19:30740884:T:C	T	-0.019
20:5295063:G:A	A	0.0449
20:43175179:A:G	A	0.0425
19:329746:G:A	A	0.0177
10:115097830:G:T	T	-0.0404
8:30987346:C:T	T	-0.025
6:73886305:G:A	A	-0.0185
7:147028831:T:C	T	-0.0223
1:229788784:C:T	T	-0.0175
16:89524308:G:A	A	-0.0593
2:59364237:A:G	A	-0.0581
3:32790161:C:T	T	0.8178
1:223188116:G:T	T	-0.0178
18:58229575:C:A	A	-0.017
6:109667927:T:C	T	0.0461
7:150813755:C:T	T	0.0458
4:6969919:A:G	A	-0.0174
3:188112051:C:T	T	0.047
14:38792363:C:A	A	0.0243
17:45921906:T:C	T	-0.0169
4:45143900:G:T	T	0.0224
8:144416111:G:A	A	0.0209
2:165812428:A:G	A	-0.0223
16:30030092:G:A	A	-0.05
4:1066769:C:T	T	0.0692
11:2310605:G:T	T	0.0346
20:50483549:C:T	T	0.0179
5:133896657:C:T	T	0.03
8:73513247:G:T	T	0.0465
22:32601422:C:T	T	-0.0323
14:52247700:A:G	A	0.0512
11:85778751:C:T	T	0.0249
7:21451262:C:T	T	-0.0172
11:61660704:A:G	A	-0.0177
7:139830369:C:A	A	-0.0419
9:22748113:G:T	T	0.017
17:75740596:C:T	T	0.0172
7:12827029:A:C	A	-0.3449
10:64552934:A:G	A	0.0173
9:10962413:G:A	A	-0.017
7:12878326:T:G	T	-0.381
6:126761146:T:C	T	-0.0606
6:27155588:T:G	T	-0.0375
12:21517323:G:T	T	0.0183
16:52990213:G:A	A	0.0211
6:83434226:A:G	A	0.0185
3:64091074:A:C	A	-0.0191
2:226860542:G:A	A	0.048
12:66428359:C:T	T	-0.0201
4:104261572:C:T	T	-0.0478
6:17028128:A:G	A	-0.6892
2:134864344:A:G	A	-0.0192
2:109557036:T:C	T	-0.0187
8:124413714:G:A	A	-0.0189
2:70338344:A:G	A	-0.0171
7:43396880:G:T	T	0.0169
9:129408290:C:T	T	0.0178
5:53236051:C:T	T	0.042
4:29170177:C:A	A	-0.0182
12:121207385:G:A	A	0.0327
17:7106475:A:G	A	-0.0528
4:76500152:T:C	T	0.0169
19:8548589:G:A	A	0.0188
16:70517641:G:A	A	-0.0335
3:131700242:C:T	T	-0.0401
9:28544375:T:G	T	-0.0244
2:67621847:G:A	A	0.047
2:56608267:C:A	A	0.0186
2:65299766:T:C	T	0.0372
20:57475191:A:G	A	0.0184
2:142784277:C:T	T	-0.0169
5:55984025:C:T	T	0.0244
20:14902522:T:C	T	-0.0184
16:53419787:A:G	A	-0.0446
6:40964595:T:C	T	0.0186
7:114488098:A:G	A	0.0342
1:151359478:G:A	A	-0.0192
12:121627268:A:G	A	0.0254
12:4360355:T:C	T	0.0173
8:135664673:T:G	T	-0.017
3:527569:C:T	T	-0.017
9:130635937:C:T	T	-0.0182
1:177808419:G:A	A	-0.0215
2:61513854:G:T	T	0.0245
5:43180535:C:T	T	0.0178
12:26313784:C:T	T	-0.0219
7:104994721:G:A	A	-0.0189
5:137675306:C:T	T	-0.0421
6:142773504:G:T	T	0.019
11:2751315:G:A	A	-0.0589
18:32755385:C:T	T	0.0634
12:124346966:C:T	T	-0.0331
17:73303814:G:T	T	0.0245
17:7754993:G:A	A	-0.0171
18:60597508:T:C	T	-0.0174
12:133294453:C:T	T	-0.0439
2:214673381:C:T	T	-0.3268
2:60877621:G:A	A	-0.0204
6:107513677:A:G	A	-0.0385
3:152203657:T:C	T	0.0168
16:75985009:G:A	A	0.0168
13:86477950:T:C	T	-0.0186
11:101474909:T:G	T	-0.5558
3:32805476:G:T	T	0.8168
4:870941:T:C	T	0.0486
7:5444667:G:T	T	0.0418
3:32773122:C:T	T	0.808
11:122065987:T:C	T	0.0203
8:25936874:G:A	A	-0.0333
14:93722875:C:T	T	-0.0296
4:183683237:G:T	T	-0.017
15:40204216:G:A	A	-0.0174
4:186615699:G:T	T	0.0171
4:90079570:T:C	T	-0.0282
9:132538547:A:G	A	-0.0177
14:93514882:G:A	A	0.0332
12:48339826:T:C	T	0.0318
3:66160182:G:A	A	0.0358
11:101482665:A:G	A	-0.5559
15:62522676:A:G	A	0.0246
12:123220416:C:T	T	-0.0291
6:126779780:A:G	A	-0.055
11:114069352:G:A	A	0.017
7:156812883:C:A	A	-0.0228
7:15463725:T:C	T	-0.0204
6:139780760:C:T	T	-0.0197
9:107505084:G:A	A	-0.0325
3:16990023:A:G	A	0.042
16:541818:C:T	T	-0.0482
4:167412572:C:T	T	0.0168
15:40365851:A:G	A	0.0186
6:100841229:G:T	T	0.0175
6:43091716:G:A	A	0.0865
14:57459145:T:C	T	-0.0177
4:100272950:A:G	A	-0.027
6:33097382:G:A	A	0.0224
15:74139139:C:T	T	-0.0169
20:45841052:G:A	A	0.0175
11:45417005:G:A	A	-0.0495
2:183543531:G:T	T	-0.0334
3:15183296:G:A	A	-0.0189
3:121373111:T:C	T	-0.0195
16:79793353:T:C	T	-0.7205
7:24912931:T:C	T	0.0223
1:235436631:C:T	T	-0.0173
12:1247822:A:G	A	-0.3655
5:2431789:C:T	T	0.7344
10:89581975:C:A	A	-0.0198
3:127715518:C:T	T	-0.0401
16:79795639:C:T	T	0.7735
17:27213990:C:T	T	0.017
20:43024814:G:A	A	-0.0635
17:1862917:A:G	A	-0.0178
12:66138359:G:A	A	0.0329
5:79432797:C:A	A	-0.018
3:32781955:A:G	A	-0.8079
4:122790396:A:G	A	0.0407
2:58721235:C:T	T	-0.0215
9:89652307:T:C	T	-0.0172
19:403510:G:A	A	-0.0232
18:31263320:G:A	A	0.017
1:107572997:T:C	T	-0.0176
11:43426714:A:G	A	0.0506
3:51114107:G:A	A	-0.0337
22:43034144:A:G	A	0.0173
6:20371534:A:G	A	0.0218
4:45034789:C:T	T	-0.0218
6:10536889:T:C	T	-0.0582
12:124633209:C:T	T	-0.0403
17:48637385:G:A	A	-0.0176
7:69829503:G:A	A	0.649
3:32779648:G:A	A	0.8058
15:62291191:T:C	T	0.049
15:99979418:G:A	A	-0.0229
12:68177171:A:G	A	-0.6809
5:157370372:A:G	A	0.0168
1:219610897:C:T	T	-0.0399
13:63601804:C:T	T	0.0174
8:88387723:A:G	A	-0.0272
9:136522274:C:T	T	-0.0341
13:60779972:T:C	T	0.0187
17:41836456:G:A	A	-0.035
15:38889729:T:C	T	-0.0374
6:131789387:T:C	T	0.0302
8:10274827:T:G	T	0.0581
12:4076132:A:C	A	-0.0262
8:120143152:A:G	A	0.0216
10:89891695:C:T	T	-0.0191
10:114592723:T:G	T	0.0238
9:4242713:A:G	A	0.0761
4:41983787:C:T	T	-0.0284
16:76728760:A:G	A	-0.0222
10:70952758:C:T	T	-0.048
1:47005429:C:T	T	0.0168
13:51252981:G:A	A	-0.0456
22:44503482:T:G	T	-0.0176
16:27417283:G:A	A	0.0179
3:152255353:T:C	T	-0.027
19:56832040:G:A	A	-0.0176
1:32142354:G:T	T	0.0168
11:13395147:G:A	A	0.0272
7:2034017:C:T	T	0.0173
6:32559444:C:T	T	0.0427
17:53181979:G:A	A	0.3184
4:88500492:T:C	T	-0.6547
13:91978780:G:A	A	-0.0221
3:51827942:G:A	A	-0.0386
2:65394714:C:T	T	0.0167
17:71011020:A:C	A	-0.0242
4:140792234:T:C	T	0.019
5:49580885:A:C	A	-0.2707
9:136600588:T:C	T	0.0171
1:205723778:G:A	A	0.0365
7:14830527:C:T	T	0.0187
9:82884212:C:T	T	-0.0218
4:119277977:A:G	A	-0.675
2:55559971:T:C	T	-0.039
8:118261226:T:C	T	-0.0242
20:32532198:G:A	A	0.0249
7:113605108:T:C	T	0.0175
11:61272565:T:C	T	0.0253
2:58578324:C:T	T	0.0223
13:81167320:C:T	T	0.0292
2:180723231:A:G	A	0.0184
3:13060761:C:T	T	0.0865
8:42100656:G:A	A	0.0443
11:134600370:A:G	A	-0.022
3:88726844:G:A	A	0.0583
16:69288227:G:A	A	-0.033
6:18767512:C:T	T	0.0588
5:93546577:T:G	T	-0.0363
19:7924650:C:A	A	-0.0198
15:45945653:T:C	T	0.0167
17:79049527:G:A	A	0.0171
2:53738640:C:A	A	0.0166
18:30063512:A:G	A	0.0414
16:55316496:G:A	A	0.0167
3:188111339:G:A	A	0.6337
14:71541026:T:C	T	0.018
9:23290333:T:C	T	-0.0452
3:35015007:T:C	T	-0.0236
19:4951335:T:C	T	-0.0202
2:192007909:T:C	T	-0.3513
18:56091306:G:A	A	0.5758
10:94271141:T:C	T	0.0498
5:55843895:C:T	T	-0.0492
17:37365138:A:G	A	-0.0206
17:16878657:T:C	T	0.0182
10:33872211:A:G	A	0.0167
2:130056457:T:C	T	0.0175
6:128256578:C:T	T	-0.0316
4:158087673:G:A	A	-0.0241
7:5268516:C:A	A	0.0195
9:136270538:T:G	T	-0.0287
16:79794872:A:C	A	-0.7645
3:150531937:A:G	A	-0.0249
12:8841077:G:A	A	-0.0187
7:7332321:G:A	A	0.0167
3:8143304:T:C	T	-0.0167
11:29138906:A:G	A	-0.0238
9:103091805:A:G	A	-0.0204
19:46429314:A:G	A	-0.0167
12:130736044:C:T	T	0.0226
12:117474662:G:A	A	0.0259
2:218917004:T:C	T	-0.0174
12:100388734:G:A	A	-0.0234
3:188111791:T:G	T	-0.6284
18:50600552:C:A	A	-0.0289
6:136321486:T:G	T	-0.0197
15:51594931:C:T	T	0.0167
19:46084641:G:T	T	-0.0179
4:82134787:T:C	T	-0.0192
15:74044906:T:C	T	0.0225
3:52080112:A:C	A	-0.0275
8:60174400:C:T	T	0.0229
12:21936216:C:T	T	0.0199
16:83076634:G:T	T	-0.0174
9:73156638:G:T	T	-0.0184
2:135138628:C:T	T	1.0092
2:45159091:G:A	A	-0.0168
2:241722202:G:A	A	0.0225
1:205030817:C:T	T	0.0393
14:52542469:T:C	T	0.0419
2:26170712:T:C	T	0.0652
1:213932386:T:G	T	0.0973
6:30321361:G:T	T	-0.0198
2:62563774:A:G	A	-0.0167
7:103531911:G:A	A	-0.0335
12:49943122:A:G	A	0.0212
12:66388279:C:T	T	0.0209
8:20756948:T:C	T	-0.0189
15:38652032:C:T	T	0.0175
1:219966068:T:C	T	-0.0195
16:53393122:G:A	A	0.0719
9:35116932:G:A	A	-0.0202
3:186663197:C:T	T	0.0354
3:88754554:C:T	T	-0.0319
2:62797500:T:C	T	-0.0197
10:71150485:T:C	T	0.0176
9:23288364:T:C	T	-0.0184
19:847352:A:G	A	0.0181
7:103372365:A:C	A	-0.0179
20:57158645:T:C	T	0.0172
11:103085697:T:C	T	-0.0241
8:128338847:G:T	T	-0.0165
13:59850282:A:G	A	-0.0226
8:28058645:A:G	A	0.0169
8:17617889:G:A	A	-0.0171
12:4245002:C:T	T	0.0191
9:33767266:C:T	T	-0.0389
12:133032875:G:A	A	-0.0171
9:96445296:C:T	T	-0.0229
2:72393424:A:G	A	-0.0272
12:21982443:A:G	A	0.0313
20:29844621:G:A	A	-0.0376
3:50589611:A:G	A	0.0341
13:107667768:C:T	T	0.0172
12:68110537:T:C	T	-0.781
2:51929660:T:C	T	-0.0233
3:115117136:A:G	A	0.0268
10:93544325:C:A	A	0.0928
3:178523332:C:T	T	0.0251
9:139555361:T:C	T	-0.025
3:32739159:G:T	T	0.7885
3:32740625:A:G	A	-0.7885
3:32736452:G:A	A	0.7885
11:95320808:T:C	T	-0.0216
7:50689752:G:T	T	0.0226
6:20576884:C:T	T	-0.0344
5:92383515:G:A	A	-0.0323
8:144971122:C:T	T	-0.0206
14:63123663:G:A	A	-0.0214
6:7302000:G:A	A	0.0206
17:80193882:G:A	A	0.5554
11:19798570:C:T	T	0.0184
12:20595535:C:T	T	-0.0168
9:72569410:C:T	T	0.0175
9:129416213:T:C	T	0.0169
6:55089936:A:G	A	-0.0168
10:128825311:G:A	A	0.0164
12:102963550:C:T	T	0.0169
15:78121487:C:T	T	0.0175
10:70452260:A:G	A	0.0472
12:21990203:C:T	T	0.0445
11:128403004:G:A	A	0.0172
4:184794890:A:G	A	-0.0168
11:13282558:C:T	T	0.4774
1:150245552:A:G	A	-0.0248
4:105792499:A:G	A	-0.0318
10:102851964:A:C	A	-0.0524
9:95309873:G:A	A	0.0223
3:102168767:T:G	T	-0.0583
11:133677074:C:T	T	0.0266
11:3125719:T:C	T	-0.0196
15:46886109:C:T	T	-0.0168
8:68440162:T:G	T	0.0239
5:56285134:G:A	A	0.0269
9:29440638:G:A	A	-0.0167
21:23095233:G:A	A	-1.2228
12:12853241:C:T	T	0.0194
1:179483614:C:T	T	0.021
6:170587470:A:G	A	0.0168
11:65078699:G:A	A	0.0347
21:35311601:A:G	A	0.0186
15:37927514:A:G	A	0.0167
6:104677803:G:T	T	-0.0266
1:20895810:A:G	A	0.0235
19:5174030:A:G	A	0.0169
2:165559101:A:G	A	-0.0447
7:156899879:C:T	T	-0.0408
18:58094046:G:T	T	-0.042
10:37709477:T:C	T	-0.0419
9:117965112:C:T	T	-0.0178
6:101731443:A:G	A	-0.0176
7:89684180:C:T	T	-0.027
12:107713696:G:A	A	0.0165
3:188110863:C:T	T	0.6254
2:121302805:A:G	A	0.0465
4:100261120:A:G	A	-0.0332
12:71345474:G:A	A	-0.0173
11:46642852:C:T	T	0.046
3:158195550:C:A	A	0.0262
3:90038054:G:A	A	0.0198
7:51153721:G:A	A	-0.026
7:15660344:A:G	A	0.0322
11:26588804:C:T	T	-0.0463
5:142969974:G:A	A	0.0176
9:119090744:T:C	T	-0.0204
1:76742000:A:G	A	0.0168
8:76937954:A:G	A	-0.0173
12:118454301:T:C	T	0.0224
20:31616268:C:T	T	-0.0246
5:131831766:T:G	T	0.0174
8:126445055:G:A	A	0.0397
6:82200645:G:T	T	0.0453
7:46323827:T:C	T	-0.0322
20:62688359:T:C	T	0.0172
13:39285309:A:G	A	-0.0295
15:79415081:C:T	T	-0.0275
7:11682710:A:C	A	0.0172
12:121488611:T:C	T	0.0661
13:44414998:A:G	A	-0.0309
4:77708480:T:C	T	-0.0602
5:151059738:C:A	A	0.0367
2:67583520:C:T	T	-0.0328
3:164237150:C:T	T	-0.0168
2:166152111:T:C	T	-0.0444
4:103198466:A:G	A	0.0176
14:101529449:G:A	A	-0.037
15:50010853:C:T	T	0.0198
6:43798902:C:T	T	-0.0168
1:9788153:G:A	A	0.0398
6:63947422:T:C	T	0.019
11:106584983:A:G	A	-0.0245
11:95656648:C:T	T	-0.0167
1:179324553:T:G	T	-0.0229
13:94868681:A:G	A	0.0167
20:42823424:C:T	T	-0.0238
17:8054759:G:A	A	0.0169
3:147367051:G:A	A	-0.0164
8:19363560:A:G	A	-0.0386
2:69530161:A:G	A	-0.1239
10:131583388:G:A	A	0.0168
7:121468096:T:G	T	0.0186
3:188111772:G:A	A	0.6274
3:121910706:A:G	A	0.0168
11:45806507:G:A	A	0.0434
1:117536200:A:G	A	-0.0393
1:107883043:A:G	A	-0.0198
7:131986888:T:C	T	-0.0167
2:60580937:A:C	A	-0.0375
10:106569430:G:A	A	-0.0179
12:118099245:A:G	A	0.0271
3:182515294:G:A	A	-0.0517
10:124716092:G:A	A	0.0178
4:55467090:T:C	T	0.0257
19:7122389:G:T	T	0.0175
11:131449365:A:C	A	-0.0167
18:39507934:C:T	T	-0.0264
7:12912010:A:G	A	-0.3661
7:108176341:T:C	T	-0.0209
22:44059920:A:G	A	0.0165
11:45750674:T:C	T	0.0418
10:80682651:C:T	T	0.0291
17:71144759:G:A	A	0.0177
11:101482391:C:T	T	0.5489
1:147104996:A:C	A	-0.024
14:100642488:G:A	A	0.0223
1:214350124:C:T	T	-0.0284
9:1042672:C:T	T	-0.0347
7:67166781:A:G	A	0.0182
4:6252752:C:T	T	0.0176
15:99139189:G:A	A	0.0167
5:157991815:C:T	T	0.0502
3:107280486:T:C	T	0.0164
13:38079298:G:A	A	2.2017
3:12508161:G:A	A	-0.021
5:55818401:A:G	A	-0.0446
12:56106312:G:A	A	0.3977
3:187639744:G:T	T	-0.0478
18:42793425:A:G	A	-0.0265
16:52544078:A:G	A	-0.0175
12:97429420:G:A	A	-0.017
2:154995626:A:G	A	-0.0297
3:77649647:A:G	A	0.0413
8:26727261:T:G	T	-0.0233
4:19000101:T:C	T	-0.0182
8:138844863:C:T	T	-0.0204
3:188112250:G:A	A	0.6224
1:113196896:G:A	A	-0.0222
3:46716597:A:G	A	0.0166
5:111699810:T:C	T	-0.0217
7:130478073:C:A	A	0.0189
8:62144129:G:A	A	0.0167
5:119506008:G:A	A	0.0169
6:21808894:A:G	A	-0.0411
18:77535707:G:A	A	-0.0459
18:56350396:T:G	T	-0.0179
7:70048785:T:C	T	0.0165
8:9938420:C:T	T	0.0598
11:17207930:T:C	T	-0.0399
9:121526407:A:G	A	-0.0178
5:124281556:A:G	A	-0.0163
1:25015638:C:T	T	-0.018
4:85628878:A:G	A	0.11
10:56151359:A:C	A	0.0273
5:71762544:G:A	A	0.0165
7:5098096:C:T	T	-0.0185
4:152990148:T:G	T	-0.0294
12:17762325:G:T	T	0.0169
1:191208159:A:G	A	0.0179
8:28191306:A:C	A	-0.0165
1:212687996:C:A	A	-0.0223
8:20605838:C:T	T	-0.0186
6:76403114:A:G	A	-0.0239
11:27381943:C:A	A	-0.0181
1:229966563:T:C	T	-0.017
8:17278639:T:C	T	0.0354
11:10214455:C:T	T	0.0351
11:102851481:C:T	T	0.019
14:101302283:C:T	T	0.0463
4:119370692:C:A	A	0.5783
7:35697347:G:A	A	-0.0175
3:32725431:G:T	T	0.7775
15:57137075:G:A	A	0.0217
7:12850238:C:T	T	0.3669
11:57255680:G:A	A	0.0397
18:26613631:A:C	A	-0.0169
3:87037543:A:G	A	0.0289
6:126331426:G:A	A	0.0417
13:50953245:C:T	T	0.0182
13:36762200:C:T	T	0.0424
9:21139579:A:G	A	0.0237
4:189685820:T:C	T	-0.0235
10:12227895:C:A	A	0.0165
7:12860078:G:A	A	0.37
10:99517616:C:A	A	-0.0191
8:62141571:T:C	T	-0.0455
6:32976185:G:A	A	0.0446
9:22330424:T:G	T	-0.0336
5:356381:C:T	T	-0.031
7:44183433:G:A	A	0.0238
5:167102960:T:C	T	-1.221
5:74602898:T:C	T	0.0238
6:97084774:A:G	A	0.0253
17:65374725:G:A	A	-0.0169
8:77242215:A:G	A	-0.0165
11:45882258:T:C	T	-0.0465
18:5402253:A:C	A	-0.6077
10:88144385:G:A	A	-0.0382
18:77427844:A:G	A	-0.0192
11:99903649:C:T	T	-0.0184
5:14328033:T:C	T	-0.0388
4:3237644:T:C	T	0.0165
12:82436310:A:G	A	0.0192
8:104655146:T:C	T	-0.0217
